-- phpMyAdmin SQL Dump
-- version 5.2.1
-- https://www.phpmyadmin.net/
--
-- Host: 127.0.0.1
-- Generation Time: Oct 09, 2024 at 07:19 PM
-- Server version: 10.4.32-MariaDB
-- PHP Version: 8.2.12

SET SQL_MODE = "NO_AUTO_VALUE_ON_ZERO";
START TRANSACTION;
SET time_zone = "+00:00";


/*!40101 SET @OLD_CHARACTER_SET_CLIENT=@@CHARACTER_SET_CLIENT */;
/*!40101 SET @OLD_CHARACTER_SET_RESULTS=@@CHARACTER_SET_RESULTS */;
/*!40101 SET @OLD_COLLATION_CONNECTION=@@COLLATION_CONNECTION */;
/*!40101 SET NAMES utf8mb4 */;

--
-- Database: `radienthub`
--

-- --------------------------------------------------------

--
-- Table structure for table `barber_schedule`
--

CREATE TABLE `barber_schedule` (
  `schedule_id` int(11) NOT NULL,
  `shop_id` int(11) DEFAULT NULL,
  `day_of_week` enum('Saturday','Sunday','Monday','Tuesday','Wednesday','Thursday','Friday') DEFAULT NULL,
  `start_time` time DEFAULT NULL,
  `end_time` time DEFAULT NULL
) ENGINE=InnoDB DEFAULT CHARSET=utf8mb4 COLLATE=utf8mb4_general_ci;

--
-- Dumping data for table `barber_schedule`
--

INSERT INTO `barber_schedule` (`schedule_id`, `shop_id`, `day_of_week`, `start_time`, `end_time`) VALUES
(9, 104, 'Saturday', '13:00:00', '19:00:00'),
(10, 104, 'Sunday', '02:00:00', '12:00:00'),
(11, 104, 'Monday', '22:00:00', '23:00:00'),
(12, 104, 'Tuesday', '18:00:00', '19:00:00'),
(13, 104, 'Tuesday', '01:00:00', '07:00:00'),
(14, 104, 'Wednesday', '14:00:00', '20:00:00'),
(15, 104, 'Thursday', '00:00:00', '00:00:00'),
(16, 104, 'Friday', '15:00:00', '21:00:00'),
(17, 112, 'Saturday', '12:00:00', '17:00:00'),
(18, 112, 'Sunday', '01:00:00', '07:00:00'),
(19, 112, 'Monday', '02:00:00', '04:00:00'),
(20, 112, 'Tuesday', '15:00:00', '17:00:00'),
(21, 112, 'Wednesday', '18:00:00', '21:00:00'),
(22, 112, 'Thursday', '08:00:00', '22:00:00'),
(23, 112, 'Friday', '12:00:00', '12:00:00'),
(24, 113, 'Saturday', '22:00:00', '12:00:00'),
(25, 113, 'Sunday', '01:00:00', '07:00:00'),
(26, 113, 'Monday', '02:00:00', '04:00:00'),
(27, 113, 'Tuesday', '15:00:00', '17:00:00'),
(28, 113, 'Wednesday', '18:00:00', '21:00:00'),
(29, 113, 'Thursday', '08:00:00', '22:00:00'),
(30, 113, 'Friday', '12:00:00', '12:00:00'),
(31, 121, 'Saturday', '00:00:00', '12:00:00'),
(32, 121, 'Sunday', '19:00:00', '23:00:00'),
(33, 121, 'Monday', '01:00:00', '17:00:00'),
(34, 121, 'Tuesday', '15:00:00', '22:00:00'),
(35, 121, 'Wednesday', '08:00:00', '09:00:00'),
(36, 121, 'Thursday', '01:00:00', '06:00:00'),
(37, 121, 'Friday', '01:00:00', '09:00:00'),
(38, 1, 'Thursday', '16:00:00', '17:00:00'),
(39, 1, 'Friday', '19:00:00', '20:00:00'),
(40, 2, 'Saturday', '15:00:00', '16:00:00'),
(41, 2, 'Sunday', '12:00:00', '13:00:00'),
(42, 2, 'Monday', '08:00:00', '09:00:00'),
(43, 2, 'Tuesday', '17:00:00', '18:00:00'),
(44, 2, 'Wednesday', '16:00:00', '17:00:00'),
(45, 2, 'Thursday', '13:00:00', '14:00:00'),
(46, 2, 'Friday', '20:00:00', '21:00:00'),
(47, 3, 'Saturday', '10:00:00', '11:00:00'),
(48, 3, 'Sunday', '18:00:00', '19:00:00'),
(49, 3, 'Monday', '19:00:00', '20:00:00'),
(50, 3, 'Tuesday', '13:00:00', '14:00:00'),
(51, 3, 'Wednesday', '09:00:00', '10:00:00'),
(52, 3, 'Thursday', '21:00:00', '22:00:00'),
(53, 3, 'Friday', '16:00:00', '17:00:00'),
(54, 4, 'Saturday', '20:00:00', '21:00:00'),
(55, 4, 'Sunday', '15:00:00', '16:00:00'),
(56, 4, 'Monday', '16:00:00', '17:00:00'),
(57, 4, 'Tuesday', '11:00:00', '12:00:00'),
(58, 4, 'Wednesday', '18:00:00', '19:00:00'),
(59, 4, 'Thursday', '21:00:00', '22:00:00'),
(60, 4, 'Friday', '13:00:00', '14:00:00'),
(61, 5, 'Saturday', '08:00:00', '09:00:00'),
(62, 5, 'Sunday', '20:00:00', '21:00:00'),
(63, 5, 'Monday', '17:00:00', '18:00:00'),
(64, 5, 'Tuesday', '11:00:00', '12:00:00'),
(65, 5, 'Wednesday', '12:00:00', '13:00:00'),
(66, 5, 'Thursday', '09:00:00', '10:00:00'),
(67, 5, 'Friday', '21:00:00', '22:00:00'),
(68, 6, 'Saturday', '21:00:00', '22:00:00'),
(69, 6, 'Sunday', '08:00:00', '09:00:00'),
(70, 6, 'Monday', '09:00:00', '10:00:00'),
(71, 6, 'Tuesday', '12:00:00', '13:00:00'),
(72, 6, 'Wednesday', '14:00:00', '15:00:00'),
(73, 6, 'Thursday', '18:00:00', '19:00:00'),
(74, 6, 'Friday', '19:00:00', '20:00:00'),
(75, 7, 'Saturday', '20:00:00', '21:00:00'),
(76, 7, 'Sunday', '10:00:00', '11:00:00'),
(77, 7, 'Monday', '12:00:00', '13:00:00'),
(78, 7, 'Tuesday', '15:00:00', '16:00:00'),
(79, 7, 'Wednesday', '17:00:00', '18:00:00'),
(80, 7, 'Thursday', '16:00:00', '17:00:00'),
(81, 7, 'Friday', '09:00:00', '10:00:00'),
(82, 8, 'Saturday', '21:00:00', '22:00:00'),
(83, 8, 'Sunday', '13:00:00', '14:00:00'),
(84, 8, 'Monday', '16:00:00', '17:00:00'),
(85, 8, 'Tuesday', '20:00:00', '21:00:00'),
(86, 8, 'Wednesday', '09:00:00', '10:00:00'),
(87, 8, 'Thursday', '10:00:00', '11:00:00'),
(88, 8, 'Friday', '08:00:00', '09:00:00'),
(89, 9, 'Saturday', '14:00:00', '15:00:00'),
(90, 9, 'Sunday', '19:00:00', '20:00:00'),
(91, 9, 'Monday', '20:00:00', '21:00:00'),
(92, 9, 'Tuesday', '15:00:00', '16:00:00'),
(93, 9, 'Wednesday', '12:00:00', '13:00:00'),
(94, 9, 'Thursday', '09:00:00', '10:00:00'),
(95, 9, 'Friday', '17:00:00', '18:00:00'),
(96, 10, 'Saturday', '09:00:00', '10:00:00'),
(97, 10, 'Sunday', '15:00:00', '16:00:00'),
(98, 10, 'Monday', '21:00:00', '22:00:00'),
(99, 10, 'Tuesday', '14:00:00', '15:00:00'),
(100, 10, 'Wednesday', '20:00:00', '21:00:00'),
(101, 10, 'Thursday', '13:00:00', '14:00:00'),
(102, 10, 'Friday', '17:00:00', '18:00:00'),
(103, 11, 'Saturday', '17:00:00', '18:00:00'),
(104, 11, 'Sunday', '14:00:00', '15:00:00'),
(105, 11, 'Monday', '21:00:00', '22:00:00'),
(106, 11, 'Tuesday', '18:00:00', '19:00:00'),
(107, 11, 'Wednesday', '11:00:00', '12:00:00'),
(108, 11, 'Thursday', '13:00:00', '14:00:00'),
(109, 11, 'Friday', '15:00:00', '16:00:00'),
(110, 12, 'Saturday', '11:00:00', '12:00:00'),
(111, 12, 'Sunday', '15:00:00', '16:00:00'),
(112, 12, 'Monday', '10:00:00', '11:00:00'),
(113, 12, 'Tuesday', '12:00:00', '13:00:00'),
(114, 12, 'Wednesday', '14:00:00', '15:00:00'),
(115, 12, 'Thursday', '19:00:00', '20:00:00'),
(116, 12, 'Friday', '16:00:00', '17:00:00'),
(117, 13, 'Saturday', '12:00:00', '13:00:00'),
(118, 13, 'Sunday', '09:00:00', '10:00:00'),
(119, 13, 'Monday', '16:00:00', '17:00:00'),
(120, 13, 'Tuesday', '19:00:00', '20:00:00'),
(121, 13, 'Wednesday', '15:00:00', '16:00:00'),
(122, 13, 'Thursday', '21:00:00', '22:00:00'),
(123, 13, 'Friday', '13:00:00', '14:00:00'),
(124, 14, 'Saturday', '13:00:00', '14:00:00'),
(125, 14, 'Sunday', '15:00:00', '16:00:00'),
(126, 14, 'Monday', '09:00:00', '10:00:00'),
(127, 14, 'Tuesday', '08:00:00', '09:00:00'),
(128, 14, 'Wednesday', '16:00:00', '17:00:00'),
(129, 14, 'Thursday', '17:00:00', '18:00:00'),
(130, 14, 'Friday', '20:00:00', '21:00:00'),
(131, 15, 'Saturday', '14:00:00', '15:00:00'),
(132, 15, 'Sunday', '11:00:00', '12:00:00'),
(133, 15, 'Monday', '15:00:00', '16:00:00'),
(134, 15, 'Tuesday', '18:00:00', '19:00:00'),
(135, 15, 'Wednesday', '19:00:00', '20:00:00'),
(136, 15, 'Thursday', '20:00:00', '21:00:00'),
(137, 15, 'Friday', '12:00:00', '13:00:00'),
(138, 16, 'Saturday', '11:00:00', '12:00:00'),
(139, 16, 'Sunday', '13:00:00', '14:00:00'),
(140, 16, 'Monday', '14:00:00', '15:00:00'),
(141, 16, 'Tuesday', '08:00:00', '09:00:00'),
(142, 16, 'Wednesday', '21:00:00', '22:00:00'),
(143, 16, 'Thursday', '10:00:00', '11:00:00'),
(144, 16, 'Friday', '18:00:00', '19:00:00'),
(145, 17, 'Saturday', '10:00:00', '11:00:00'),
(146, 17, 'Sunday', '16:00:00', '17:00:00'),
(147, 17, 'Monday', '17:00:00', '18:00:00'),
(148, 17, 'Tuesday', '08:00:00', '09:00:00'),
(149, 17, 'Wednesday', '09:00:00', '10:00:00'),
(150, 17, 'Thursday', '11:00:00', '12:00:00'),
(151, 17, 'Friday', '12:00:00', '13:00:00'),
(152, 18, 'Saturday', '17:00:00', '18:00:00'),
(153, 18, 'Sunday', '15:00:00', '16:00:00'),
(154, 18, 'Monday', '21:00:00', '22:00:00'),
(155, 18, 'Tuesday', '11:00:00', '12:00:00'),
(156, 18, 'Wednesday', '18:00:00', '19:00:00'),
(157, 18, 'Thursday', '12:00:00', '13:00:00'),
(158, 18, 'Friday', '09:00:00', '10:00:00'),
(159, 19, 'Saturday', '19:00:00', '20:00:00'),
(160, 19, 'Sunday', '10:00:00', '11:00:00'),
(161, 19, 'Monday', '09:00:00', '10:00:00'),
(162, 19, 'Tuesday', '08:00:00', '09:00:00'),
(163, 19, 'Wednesday', '14:00:00', '15:00:00'),
(164, 19, 'Thursday', '11:00:00', '12:00:00'),
(165, 19, 'Friday', '18:00:00', '19:00:00'),
(166, 20, 'Saturday', '11:00:00', '12:00:00'),
(167, 20, 'Sunday', '12:00:00', '13:00:00'),
(168, 20, 'Monday', '10:00:00', '11:00:00'),
(169, 20, 'Tuesday', '08:00:00', '09:00:00'),
(170, 20, 'Wednesday', '14:00:00', '15:00:00'),
(171, 20, 'Thursday', '09:00:00', '10:00:00'),
(172, 20, 'Friday', '19:00:00', '20:00:00'),
(173, 21, 'Saturday', '20:00:00', '21:00:00'),
(174, 21, 'Sunday', '12:00:00', '13:00:00'),
(175, 21, 'Monday', '19:00:00', '20:00:00'),
(176, 21, 'Tuesday', '16:00:00', '17:00:00'),
(177, 21, 'Wednesday', '17:00:00', '18:00:00'),
(178, 21, 'Thursday', '15:00:00', '16:00:00'),
(179, 21, 'Friday', '13:00:00', '14:00:00'),
(180, 22, 'Saturday', '08:00:00', '09:00:00'),
(181, 22, 'Sunday', '09:00:00', '10:00:00'),
(182, 22, 'Monday', '12:00:00', '13:00:00'),
(183, 22, 'Tuesday', '18:00:00', '19:00:00'),
(184, 22, 'Wednesday', '11:00:00', '12:00:00'),
(185, 22, 'Thursday', '21:00:00', '22:00:00'),
(186, 22, 'Friday', '20:00:00', '21:00:00'),
(187, 23, 'Saturday', '09:00:00', '10:00:00'),
(188, 23, 'Sunday', '20:00:00', '21:00:00'),
(189, 23, 'Monday', '15:00:00', '16:00:00'),
(190, 23, 'Tuesday', '13:00:00', '14:00:00'),
(191, 23, 'Wednesday', '11:00:00', '12:00:00'),
(192, 23, 'Thursday', '14:00:00', '15:00:00'),
(193, 23, 'Friday', '18:00:00', '19:00:00'),
(194, 24, 'Saturday', '11:00:00', '12:00:00'),
(195, 24, 'Sunday', '10:00:00', '11:00:00'),
(196, 24, 'Monday', '21:00:00', '22:00:00'),
(197, 24, 'Tuesday', '19:00:00', '20:00:00'),
(198, 24, 'Wednesday', '17:00:00', '18:00:00'),
(199, 24, 'Thursday', '15:00:00', '16:00:00'),
(200, 24, 'Friday', '08:00:00', '09:00:00'),
(201, 25, 'Saturday', '11:00:00', '12:00:00'),
(202, 25, 'Sunday', '18:00:00', '19:00:00'),
(203, 25, 'Monday', '20:00:00', '21:00:00'),
(204, 25, 'Tuesday', '09:00:00', '10:00:00'),
(205, 25, 'Wednesday', '13:00:00', '14:00:00'),
(206, 25, 'Thursday', '15:00:00', '16:00:00'),
(207, 25, 'Friday', '21:00:00', '22:00:00'),
(208, 26, 'Saturday', '17:00:00', '18:00:00'),
(209, 26, 'Sunday', '09:00:00', '10:00:00'),
(210, 26, 'Monday', '08:00:00', '09:00:00'),
(211, 26, 'Tuesday', '13:00:00', '14:00:00'),
(212, 26, 'Wednesday', '21:00:00', '22:00:00'),
(213, 26, 'Thursday', '11:00:00', '12:00:00'),
(214, 26, 'Friday', '16:00:00', '17:00:00'),
(215, 27, 'Saturday', '21:00:00', '22:00:00'),
(216, 27, 'Sunday', '18:00:00', '19:00:00'),
(217, 27, 'Monday', '13:00:00', '14:00:00'),
(218, 27, 'Tuesday', '16:00:00', '17:00:00'),
(219, 27, 'Wednesday', '11:00:00', '12:00:00'),
(220, 27, 'Thursday', '08:00:00', '09:00:00'),
(221, 27, 'Friday', '19:00:00', '20:00:00'),
(222, 28, 'Saturday', '12:00:00', '13:00:00'),
(223, 28, 'Sunday', '11:00:00', '12:00:00'),
(224, 28, 'Monday', '09:00:00', '10:00:00'),
(225, 28, 'Tuesday', '08:00:00', '09:00:00'),
(226, 28, 'Wednesday', '18:00:00', '19:00:00'),
(227, 28, 'Thursday', '13:00:00', '14:00:00'),
(228, 28, 'Friday', '20:00:00', '21:00:00'),
(229, 29, 'Saturday', '16:00:00', '17:00:00'),
(230, 29, 'Sunday', '10:00:00', '11:00:00'),
(231, 29, 'Monday', '15:00:00', '16:00:00'),
(232, 29, 'Tuesday', '13:00:00', '14:00:00'),
(233, 29, 'Wednesday', '12:00:00', '13:00:00'),
(234, 29, 'Thursday', '14:00:00', '15:00:00'),
(235, 29, 'Friday', '08:00:00', '09:00:00'),
(236, 30, 'Saturday', '17:00:00', '18:00:00'),
(237, 30, 'Sunday', '21:00:00', '22:00:00'),
(238, 30, 'Monday', '20:00:00', '21:00:00'),
(239, 30, 'Tuesday', '11:00:00', '12:00:00'),
(240, 30, 'Wednesday', '18:00:00', '19:00:00'),
(241, 30, 'Thursday', '14:00:00', '15:00:00'),
(242, 30, 'Friday', '12:00:00', '13:00:00'),
(243, 31, 'Saturday', '15:00:00', '16:00:00'),
(244, 31, 'Sunday', '17:00:00', '18:00:00'),
(245, 31, 'Monday', '16:00:00', '17:00:00'),
(246, 31, 'Tuesday', '13:00:00', '14:00:00'),
(247, 31, 'Wednesday', '12:00:00', '13:00:00'),
(248, 31, 'Thursday', '11:00:00', '12:00:00'),
(249, 31, 'Friday', '19:00:00', '20:00:00'),
(250, 32, 'Saturday', '09:00:00', '10:00:00'),
(251, 32, 'Sunday', '17:00:00', '18:00:00'),
(252, 32, 'Monday', '08:00:00', '09:00:00'),
(253, 32, 'Tuesday', '10:00:00', '11:00:00'),
(254, 32, 'Wednesday', '12:00:00', '13:00:00'),
(255, 32, 'Thursday', '19:00:00', '20:00:00'),
(256, 32, 'Friday', '15:00:00', '16:00:00'),
(257, 33, 'Saturday', '21:00:00', '22:00:00'),
(258, 33, 'Sunday', '18:00:00', '19:00:00'),
(259, 33, 'Monday', '09:00:00', '10:00:00'),
(260, 33, 'Tuesday', '12:00:00', '13:00:00'),
(261, 33, 'Wednesday', '08:00:00', '09:00:00'),
(262, 33, 'Thursday', '20:00:00', '21:00:00'),
(263, 33, 'Friday', '10:00:00', '11:00:00'),
(264, 34, 'Saturday', '18:00:00', '19:00:00'),
(265, 34, 'Sunday', '16:00:00', '17:00:00'),
(266, 34, 'Monday', '08:00:00', '09:00:00'),
(267, 34, 'Tuesday', '10:00:00', '11:00:00'),
(268, 34, 'Wednesday', '15:00:00', '16:00:00'),
(269, 34, 'Thursday', '11:00:00', '12:00:00'),
(270, 34, 'Friday', '19:00:00', '20:00:00'),
(271, 35, 'Saturday', '20:00:00', '21:00:00'),
(272, 35, 'Sunday', '12:00:00', '13:00:00'),
(273, 35, 'Monday', '16:00:00', '17:00:00'),
(274, 35, 'Tuesday', '21:00:00', '22:00:00'),
(275, 35, 'Wednesday', '18:00:00', '19:00:00'),
(276, 35, 'Thursday', '15:00:00', '16:00:00'),
(277, 35, 'Friday', '19:00:00', '20:00:00'),
(278, 36, 'Saturday', '20:00:00', '21:00:00'),
(279, 36, 'Sunday', '16:00:00', '17:00:00'),
(280, 36, 'Monday', '11:00:00', '12:00:00'),
(281, 36, 'Tuesday', '17:00:00', '18:00:00'),
(282, 36, 'Wednesday', '12:00:00', '13:00:00'),
(283, 36, 'Thursday', '21:00:00', '22:00:00'),
(284, 36, 'Friday', '14:00:00', '15:00:00'),
(285, 37, 'Saturday', '17:00:00', '18:00:00'),
(286, 37, 'Sunday', '21:00:00', '22:00:00'),
(287, 37, 'Monday', '18:00:00', '19:00:00'),
(288, 37, 'Tuesday', '14:00:00', '15:00:00'),
(289, 37, 'Wednesday', '15:00:00', '16:00:00'),
(290, 37, 'Thursday', '10:00:00', '11:00:00'),
(291, 37, 'Friday', '16:00:00', '17:00:00'),
(292, 38, 'Saturday', '10:00:00', '11:00:00'),
(293, 38, 'Sunday', '11:00:00', '12:00:00'),
(294, 38, 'Monday', '12:00:00', '13:00:00'),
(295, 38, 'Tuesday', '14:00:00', '15:00:00'),
(296, 38, 'Wednesday', '15:00:00', '16:00:00'),
(297, 38, 'Thursday', '16:00:00', '17:00:00'),
(298, 38, 'Friday', '13:00:00', '14:00:00'),
(299, 39, 'Saturday', '13:00:00', '14:00:00'),
(300, 39, 'Sunday', '18:00:00', '19:00:00'),
(301, 39, 'Monday', '10:00:00', '11:00:00'),
(302, 39, 'Tuesday', '19:00:00', '20:00:00'),
(303, 39, 'Wednesday', '15:00:00', '16:00:00'),
(304, 39, 'Thursday', '14:00:00', '15:00:00'),
(305, 39, 'Friday', '16:00:00', '17:00:00'),
(306, 40, 'Saturday', '12:00:00', '13:00:00'),
(307, 40, 'Sunday', '14:00:00', '15:00:00'),
(308, 40, 'Monday', '09:00:00', '10:00:00'),
(309, 40, 'Tuesday', '20:00:00', '21:00:00'),
(310, 40, 'Wednesday', '16:00:00', '17:00:00'),
(311, 40, 'Thursday', '11:00:00', '12:00:00'),
(312, 40, 'Friday', '21:00:00', '22:00:00'),
(313, 41, 'Saturday', '19:00:00', '20:00:00'),
(314, 41, 'Sunday', '08:00:00', '09:00:00'),
(315, 41, 'Monday', '18:00:00', '19:00:00'),
(316, 41, 'Tuesday', '17:00:00', '18:00:00'),
(317, 41, 'Wednesday', '09:00:00', '10:00:00'),
(318, 41, 'Thursday', '15:00:00', '16:00:00'),
(319, 41, 'Friday', '16:00:00', '17:00:00'),
(320, 42, 'Saturday', '10:00:00', '11:00:00'),
(321, 42, 'Sunday', '18:00:00', '19:00:00'),
(322, 42, 'Monday', '08:00:00', '09:00:00'),
(323, 42, 'Tuesday', '19:00:00', '20:00:00'),
(324, 42, 'Wednesday', '13:00:00', '14:00:00'),
(325, 42, 'Thursday', '17:00:00', '18:00:00'),
(326, 42, 'Friday', '11:00:00', '12:00:00'),
(327, 43, 'Saturday', '17:00:00', '18:00:00'),
(328, 43, 'Sunday', '14:00:00', '15:00:00'),
(329, 43, 'Monday', '13:00:00', '14:00:00'),
(330, 43, 'Tuesday', '11:00:00', '12:00:00'),
(331, 43, 'Wednesday', '10:00:00', '11:00:00'),
(332, 43, 'Thursday', '21:00:00', '22:00:00'),
(333, 43, 'Friday', '15:00:00', '16:00:00'),
(334, 44, 'Saturday', '14:00:00', '15:00:00'),
(335, 44, 'Sunday', '13:00:00', '14:00:00'),
(336, 44, 'Monday', '17:00:00', '18:00:00'),
(337, 44, 'Tuesday', '18:00:00', '19:00:00'),
(338, 44, 'Wednesday', '09:00:00', '10:00:00'),
(339, 44, 'Thursday', '15:00:00', '16:00:00'),
(340, 44, 'Friday', '10:00:00', '11:00:00'),
(341, 45, 'Saturday', '18:00:00', '19:00:00'),
(342, 45, 'Sunday', '17:00:00', '18:00:00'),
(343, 45, 'Monday', '08:00:00', '09:00:00'),
(344, 45, 'Tuesday', '13:00:00', '14:00:00'),
(345, 45, 'Wednesday', '14:00:00', '15:00:00'),
(346, 45, 'Thursday', '11:00:00', '12:00:00'),
(347, 45, 'Friday', '19:00:00', '20:00:00'),
(348, 46, 'Saturday', '09:00:00', '10:00:00'),
(349, 46, 'Sunday', '10:00:00', '11:00:00'),
(350, 46, 'Monday', '13:00:00', '14:00:00'),
(351, 46, 'Tuesday', '11:00:00', '12:00:00'),
(352, 46, 'Wednesday', '19:00:00', '20:00:00'),
(353, 46, 'Thursday', '18:00:00', '19:00:00'),
(354, 46, 'Friday', '20:00:00', '21:00:00'),
(355, 47, 'Saturday', '17:00:00', '18:00:00'),
(356, 47, 'Sunday', '13:00:00', '14:00:00'),
(357, 47, 'Monday', '21:00:00', '22:00:00'),
(358, 47, 'Tuesday', '14:00:00', '15:00:00'),
(359, 47, 'Wednesday', '20:00:00', '21:00:00'),
(360, 47, 'Thursday', '09:00:00', '10:00:00'),
(361, 47, 'Friday', '12:00:00', '13:00:00'),
(362, 48, 'Saturday', '10:00:00', '11:00:00'),
(363, 48, 'Sunday', '20:00:00', '21:00:00'),
(364, 48, 'Monday', '16:00:00', '17:00:00'),
(365, 48, 'Tuesday', '17:00:00', '18:00:00'),
(366, 48, 'Wednesday', '21:00:00', '22:00:00'),
(367, 48, 'Thursday', '18:00:00', '19:00:00'),
(368, 48, 'Friday', '13:00:00', '14:00:00'),
(369, 49, 'Saturday', '08:00:00', '09:00:00'),
(370, 49, 'Sunday', '20:00:00', '21:00:00'),
(371, 49, 'Monday', '18:00:00', '19:00:00'),
(372, 49, 'Tuesday', '15:00:00', '16:00:00'),
(373, 49, 'Wednesday', '09:00:00', '10:00:00'),
(374, 49, 'Thursday', '16:00:00', '17:00:00'),
(375, 49, 'Friday', '13:00:00', '14:00:00'),
(376, 50, 'Saturday', '11:00:00', '12:00:00'),
(377, 50, 'Sunday', '09:00:00', '10:00:00'),
(378, 50, 'Monday', '17:00:00', '18:00:00'),
(379, 50, 'Tuesday', '19:00:00', '20:00:00'),
(380, 50, 'Wednesday', '08:00:00', '09:00:00'),
(381, 50, 'Thursday', '21:00:00', '22:00:00'),
(382, 50, 'Friday', '15:00:00', '16:00:00'),
(383, 51, 'Saturday', '18:00:00', '19:00:00'),
(384, 51, 'Sunday', '19:00:00', '20:00:00'),
(385, 51, 'Monday', '10:00:00', '11:00:00'),
(386, 51, 'Tuesday', '14:00:00', '15:00:00'),
(387, 51, 'Wednesday', '20:00:00', '21:00:00'),
(388, 51, 'Thursday', '12:00:00', '13:00:00'),
(389, 51, 'Friday', '21:00:00', '22:00:00'),
(390, 52, 'Saturday', '11:00:00', '12:00:00'),
(391, 52, 'Sunday', '19:00:00', '20:00:00'),
(392, 52, 'Monday', '13:00:00', '14:00:00'),
(393, 52, 'Tuesday', '09:00:00', '10:00:00'),
(394, 52, 'Wednesday', '10:00:00', '11:00:00'),
(395, 52, 'Thursday', '21:00:00', '22:00:00'),
(396, 52, 'Friday', '15:00:00', '16:00:00'),
(397, 53, 'Saturday', '14:00:00', '15:00:00'),
(398, 53, 'Sunday', '11:00:00', '12:00:00'),
(399, 53, 'Monday', '21:00:00', '22:00:00'),
(400, 53, 'Tuesday', '17:00:00', '18:00:00'),
(401, 53, 'Wednesday', '18:00:00', '19:00:00'),
(402, 53, 'Thursday', '16:00:00', '17:00:00'),
(403, 53, 'Friday', '08:00:00', '09:00:00'),
(404, 54, 'Saturday', '08:00:00', '09:00:00'),
(405, 54, 'Sunday', '12:00:00', '13:00:00'),
(406, 54, 'Monday', '14:00:00', '15:00:00'),
(407, 54, 'Tuesday', '10:00:00', '11:00:00'),
(408, 54, 'Wednesday', '16:00:00', '17:00:00'),
(409, 54, 'Thursday', '19:00:00', '20:00:00'),
(410, 54, 'Friday', '11:00:00', '12:00:00'),
(411, 55, 'Saturday', '16:00:00', '17:00:00'),
(412, 55, 'Sunday', '19:00:00', '20:00:00'),
(413, 55, 'Monday', '12:00:00', '13:00:00'),
(414, 55, 'Tuesday', '17:00:00', '18:00:00'),
(415, 55, 'Wednesday', '20:00:00', '21:00:00'),
(416, 55, 'Thursday', '09:00:00', '10:00:00'),
(417, 55, 'Friday', '10:00:00', '11:00:00'),
(418, 56, 'Saturday', '21:00:00', '22:00:00'),
(419, 56, 'Sunday', '17:00:00', '18:00:00'),
(420, 56, 'Monday', '09:00:00', '10:00:00'),
(421, 56, 'Tuesday', '16:00:00', '17:00:00'),
(422, 56, 'Wednesday', '14:00:00', '15:00:00'),
(423, 56, 'Thursday', '19:00:00', '20:00:00'),
(424, 56, 'Friday', '12:00:00', '13:00:00'),
(425, 57, 'Saturday', '21:00:00', '22:00:00'),
(426, 57, 'Sunday', '16:00:00', '17:00:00'),
(427, 57, 'Monday', '14:00:00', '15:00:00'),
(428, 57, 'Tuesday', '20:00:00', '21:00:00'),
(429, 57, 'Wednesday', '11:00:00', '12:00:00'),
(430, 57, 'Thursday', '09:00:00', '10:00:00'),
(431, 57, 'Friday', '18:00:00', '19:00:00'),
(432, 58, 'Saturday', '11:00:00', '12:00:00'),
(433, 58, 'Sunday', '14:00:00', '15:00:00'),
(434, 58, 'Monday', '09:00:00', '10:00:00'),
(435, 58, 'Tuesday', '15:00:00', '16:00:00'),
(436, 58, 'Wednesday', '18:00:00', '19:00:00'),
(437, 58, 'Thursday', '20:00:00', '21:00:00'),
(438, 58, 'Friday', '08:00:00', '09:00:00'),
(439, 59, 'Saturday', '17:00:00', '18:00:00'),
(440, 59, 'Sunday', '08:00:00', '09:00:00'),
(441, 59, 'Monday', '16:00:00', '17:00:00'),
(442, 59, 'Tuesday', '11:00:00', '12:00:00'),
(443, 59, 'Wednesday', '10:00:00', '11:00:00'),
(444, 59, 'Thursday', '14:00:00', '15:00:00'),
(445, 59, 'Friday', '13:00:00', '14:00:00'),
(446, 60, 'Saturday', '11:00:00', '12:00:00'),
(447, 60, 'Sunday', '16:00:00', '17:00:00'),
(448, 60, 'Monday', '10:00:00', '11:00:00'),
(449, 60, 'Tuesday', '08:00:00', '09:00:00'),
(450, 60, 'Wednesday', '18:00:00', '19:00:00'),
(451, 60, 'Thursday', '19:00:00', '20:00:00'),
(452, 60, 'Friday', '20:00:00', '21:00:00'),
(453, 61, 'Saturday', '18:00:00', '19:00:00'),
(454, 61, 'Sunday', '14:00:00', '15:00:00'),
(455, 61, 'Monday', '16:00:00', '17:00:00'),
(456, 61, 'Tuesday', '20:00:00', '21:00:00'),
(457, 61, 'Wednesday', '08:00:00', '09:00:00'),
(458, 61, 'Thursday', '10:00:00', '11:00:00'),
(459, 61, 'Friday', '19:00:00', '20:00:00'),
(460, 62, 'Saturday', '15:00:00', '16:00:00'),
(461, 62, 'Sunday', '12:00:00', '13:00:00'),
(462, 62, 'Monday', '17:00:00', '18:00:00'),
(463, 62, 'Tuesday', '21:00:00', '22:00:00'),
(464, 62, 'Wednesday', '19:00:00', '20:00:00'),
(465, 62, 'Thursday', '18:00:00', '19:00:00'),
(466, 62, 'Friday', '10:00:00', '11:00:00'),
(467, 63, 'Saturday', '14:00:00', '15:00:00'),
(468, 63, 'Sunday', '17:00:00', '18:00:00'),
(469, 63, 'Monday', '19:00:00', '20:00:00'),
(470, 63, 'Tuesday', '09:00:00', '10:00:00'),
(471, 63, 'Wednesday', '15:00:00', '16:00:00'),
(472, 63, 'Thursday', '16:00:00', '17:00:00'),
(473, 63, 'Friday', '08:00:00', '09:00:00'),
(474, 64, 'Saturday', '13:00:00', '14:00:00'),
(475, 64, 'Sunday', '19:00:00', '20:00:00'),
(476, 64, 'Monday', '20:00:00', '21:00:00'),
(477, 64, 'Tuesday', '15:00:00', '16:00:00'),
(478, 64, 'Wednesday', '18:00:00', '19:00:00'),
(479, 64, 'Thursday', '14:00:00', '15:00:00'),
(480, 64, 'Friday', '21:00:00', '22:00:00'),
(481, 65, 'Saturday', '15:00:00', '16:00:00'),
(482, 65, 'Sunday', '14:00:00', '15:00:00'),
(483, 65, 'Monday', '18:00:00', '19:00:00'),
(484, 65, 'Tuesday', '10:00:00', '11:00:00'),
(485, 65, 'Wednesday', '19:00:00', '20:00:00'),
(486, 65, 'Thursday', '16:00:00', '17:00:00'),
(487, 65, 'Friday', '21:00:00', '22:00:00'),
(488, 66, 'Saturday', '18:00:00', '19:00:00'),
(489, 66, 'Sunday', '17:00:00', '18:00:00'),
(490, 66, 'Monday', '09:00:00', '10:00:00'),
(491, 66, 'Tuesday', '21:00:00', '22:00:00'),
(492, 66, 'Wednesday', '11:00:00', '12:00:00'),
(493, 66, 'Thursday', '08:00:00', '09:00:00'),
(494, 66, 'Friday', '12:00:00', '13:00:00'),
(495, 67, 'Saturday', '21:00:00', '22:00:00'),
(496, 67, 'Sunday', '20:00:00', '21:00:00'),
(497, 67, 'Monday', '18:00:00', '19:00:00'),
(498, 67, 'Tuesday', '08:00:00', '09:00:00'),
(499, 67, 'Wednesday', '16:00:00', '17:00:00'),
(500, 67, 'Thursday', '12:00:00', '13:00:00'),
(501, 67, 'Friday', '09:00:00', '10:00:00'),
(502, 68, 'Saturday', '19:00:00', '20:00:00'),
(503, 68, 'Sunday', '15:00:00', '16:00:00'),
(504, 68, 'Monday', '18:00:00', '19:00:00'),
(505, 68, 'Tuesday', '10:00:00', '11:00:00'),
(506, 68, 'Wednesday', '20:00:00', '21:00:00'),
(507, 68, 'Thursday', '08:00:00', '09:00:00'),
(508, 68, 'Friday', '17:00:00', '18:00:00'),
(509, 69, 'Saturday', '16:00:00', '17:00:00'),
(510, 69, 'Sunday', '15:00:00', '16:00:00'),
(511, 69, 'Monday', '11:00:00', '12:00:00'),
(512, 69, 'Tuesday', '19:00:00', '20:00:00'),
(513, 69, 'Wednesday', '14:00:00', '15:00:00'),
(514, 69, 'Thursday', '13:00:00', '14:00:00'),
(515, 69, 'Friday', '17:00:00', '18:00:00'),
(516, 70, 'Saturday', '16:00:00', '17:00:00'),
(517, 70, 'Sunday', '08:00:00', '09:00:00'),
(518, 70, 'Monday', '12:00:00', '13:00:00'),
(519, 70, 'Tuesday', '14:00:00', '15:00:00'),
(520, 70, 'Wednesday', '21:00:00', '22:00:00'),
(521, 70, 'Thursday', '11:00:00', '12:00:00'),
(522, 70, 'Friday', '09:00:00', '10:00:00'),
(523, 71, 'Saturday', '16:00:00', '17:00:00'),
(524, 71, 'Sunday', '15:00:00', '16:00:00'),
(525, 71, 'Monday', '13:00:00', '14:00:00'),
(526, 71, 'Tuesday', '20:00:00', '21:00:00'),
(527, 71, 'Wednesday', '12:00:00', '13:00:00'),
(528, 71, 'Thursday', '14:00:00', '15:00:00'),
(529, 71, 'Friday', '11:00:00', '12:00:00'),
(530, 72, 'Saturday', '12:00:00', '13:00:00'),
(531, 72, 'Sunday', '13:00:00', '14:00:00'),
(532, 72, 'Monday', '21:00:00', '22:00:00'),
(533, 72, 'Tuesday', '20:00:00', '21:00:00'),
(534, 72, 'Wednesday', '10:00:00', '11:00:00'),
(535, 72, 'Thursday', '16:00:00', '17:00:00'),
(536, 72, 'Friday', '19:00:00', '20:00:00'),
(537, 73, 'Saturday', '20:00:00', '21:00:00'),
(538, 73, 'Sunday', '21:00:00', '22:00:00'),
(539, 73, 'Monday', '13:00:00', '14:00:00'),
(540, 73, 'Tuesday', '09:00:00', '10:00:00'),
(541, 73, 'Wednesday', '11:00:00', '12:00:00'),
(542, 73, 'Thursday', '08:00:00', '09:00:00'),
(543, 73, 'Friday', '16:00:00', '17:00:00'),
(544, 74, 'Saturday', '08:00:00', '09:00:00'),
(545, 74, 'Sunday', '13:00:00', '14:00:00'),
(546, 74, 'Monday', '16:00:00', '17:00:00'),
(547, 74, 'Tuesday', '12:00:00', '13:00:00'),
(548, 74, 'Wednesday', '11:00:00', '12:00:00'),
(549, 74, 'Thursday', '21:00:00', '22:00:00'),
(550, 74, 'Friday', '14:00:00', '15:00:00'),
(551, 75, 'Saturday', '20:00:00', '21:00:00'),
(552, 75, 'Sunday', '11:00:00', '12:00:00'),
(553, 75, 'Monday', '16:00:00', '17:00:00'),
(554, 75, 'Tuesday', '17:00:00', '18:00:00'),
(555, 75, 'Wednesday', '18:00:00', '19:00:00'),
(556, 75, 'Thursday', '10:00:00', '11:00:00'),
(557, 75, 'Friday', '21:00:00', '22:00:00'),
(558, 76, 'Saturday', '13:00:00', '14:00:00'),
(559, 76, 'Sunday', '18:00:00', '19:00:00'),
(560, 76, 'Monday', '14:00:00', '15:00:00'),
(561, 76, 'Tuesday', '21:00:00', '22:00:00'),
(562, 76, 'Wednesday', '16:00:00', '17:00:00'),
(563, 76, 'Thursday', '20:00:00', '21:00:00'),
(564, 76, 'Friday', '09:00:00', '10:00:00'),
(565, 77, 'Saturday', '18:00:00', '19:00:00'),
(566, 77, 'Sunday', '08:00:00', '09:00:00'),
(567, 77, 'Monday', '13:00:00', '14:00:00'),
(568, 77, 'Tuesday', '16:00:00', '17:00:00'),
(569, 77, 'Wednesday', '20:00:00', '21:00:00'),
(570, 77, 'Thursday', '09:00:00', '10:00:00'),
(571, 77, 'Friday', '14:00:00', '15:00:00'),
(572, 78, 'Saturday', '10:00:00', '11:00:00'),
(573, 78, 'Sunday', '11:00:00', '12:00:00'),
(574, 78, 'Monday', '16:00:00', '17:00:00'),
(575, 78, 'Tuesday', '21:00:00', '22:00:00'),
(576, 78, 'Wednesday', '09:00:00', '10:00:00'),
(577, 78, 'Thursday', '08:00:00', '09:00:00'),
(578, 78, 'Friday', '17:00:00', '18:00:00'),
(579, 79, 'Saturday', '21:00:00', '22:00:00'),
(580, 79, 'Sunday', '17:00:00', '18:00:00'),
(581, 79, 'Monday', '15:00:00', '16:00:00'),
(582, 79, 'Tuesday', '11:00:00', '12:00:00'),
(583, 79, 'Wednesday', '14:00:00', '15:00:00'),
(584, 79, 'Thursday', '12:00:00', '13:00:00'),
(585, 79, 'Friday', '08:00:00', '09:00:00'),
(586, 80, 'Saturday', '14:00:00', '15:00:00'),
(587, 80, 'Sunday', '18:00:00', '19:00:00'),
(588, 80, 'Monday', '17:00:00', '18:00:00'),
(589, 80, 'Tuesday', '21:00:00', '22:00:00'),
(590, 80, 'Wednesday', '12:00:00', '13:00:00'),
(591, 80, 'Thursday', '10:00:00', '11:00:00'),
(592, 80, 'Friday', '20:00:00', '21:00:00'),
(593, 81, 'Saturday', '15:00:00', '16:00:00'),
(594, 81, 'Sunday', '14:00:00', '15:00:00'),
(595, 81, 'Monday', '08:00:00', '09:00:00'),
(596, 81, 'Tuesday', '11:00:00', '12:00:00'),
(597, 81, 'Wednesday', '10:00:00', '11:00:00'),
(598, 81, 'Thursday', '21:00:00', '22:00:00'),
(599, 81, 'Friday', '12:00:00', '13:00:00'),
(600, 82, 'Saturday', '15:00:00', '16:00:00'),
(601, 82, 'Sunday', '16:00:00', '17:00:00'),
(602, 82, 'Monday', '19:00:00', '20:00:00'),
(603, 82, 'Tuesday', '11:00:00', '12:00:00'),
(604, 82, 'Wednesday', '17:00:00', '18:00:00'),
(605, 82, 'Thursday', '13:00:00', '14:00:00'),
(606, 82, 'Friday', '09:00:00', '10:00:00'),
(607, 83, 'Saturday', '15:00:00', '16:00:00'),
(608, 83, 'Sunday', '10:00:00', '11:00:00'),
(609, 83, 'Monday', '19:00:00', '20:00:00'),
(610, 83, 'Tuesday', '21:00:00', '22:00:00'),
(611, 83, 'Wednesday', '13:00:00', '14:00:00'),
(612, 83, 'Thursday', '09:00:00', '10:00:00'),
(613, 83, 'Friday', '14:00:00', '15:00:00'),
(614, 84, 'Saturday', '13:00:00', '14:00:00'),
(615, 84, 'Sunday', '11:00:00', '12:00:00'),
(616, 84, 'Monday', '16:00:00', '17:00:00'),
(617, 84, 'Tuesday', '10:00:00', '11:00:00'),
(618, 84, 'Wednesday', '15:00:00', '16:00:00'),
(619, 84, 'Thursday', '14:00:00', '15:00:00'),
(620, 84, 'Friday', '18:00:00', '19:00:00'),
(621, 85, 'Saturday', '19:00:00', '20:00:00'),
(622, 85, 'Sunday', '14:00:00', '15:00:00'),
(623, 85, 'Monday', '10:00:00', '11:00:00'),
(624, 85, 'Tuesday', '12:00:00', '13:00:00'),
(625, 85, 'Wednesday', '16:00:00', '17:00:00'),
(626, 85, 'Thursday', '20:00:00', '21:00:00'),
(627, 85, 'Friday', '21:00:00', '22:00:00'),
(628, 86, 'Saturday', '17:00:00', '18:00:00'),
(629, 86, 'Sunday', '13:00:00', '14:00:00'),
(630, 86, 'Monday', '14:00:00', '15:00:00'),
(631, 86, 'Tuesday', '15:00:00', '16:00:00'),
(632, 86, 'Wednesday', '18:00:00', '19:00:00'),
(633, 86, 'Thursday', '11:00:00', '12:00:00'),
(634, 86, 'Friday', '08:00:00', '09:00:00'),
(635, 87, 'Saturday', '10:00:00', '11:00:00'),
(636, 87, 'Sunday', '17:00:00', '18:00:00'),
(637, 87, 'Monday', '08:00:00', '09:00:00'),
(638, 87, 'Tuesday', '16:00:00', '17:00:00'),
(639, 87, 'Wednesday', '09:00:00', '10:00:00'),
(640, 87, 'Thursday', '11:00:00', '12:00:00'),
(641, 87, 'Friday', '12:00:00', '13:00:00'),
(642, 88, 'Saturday', '20:00:00', '21:00:00'),
(643, 88, 'Sunday', '13:00:00', '14:00:00'),
(644, 88, 'Monday', '08:00:00', '09:00:00'),
(645, 88, 'Tuesday', '18:00:00', '19:00:00'),
(646, 88, 'Wednesday', '16:00:00', '17:00:00'),
(647, 88, 'Thursday', '10:00:00', '11:00:00'),
(648, 88, 'Friday', '11:00:00', '12:00:00'),
(649, 89, 'Saturday', '12:00:00', '13:00:00'),
(650, 89, 'Sunday', '17:00:00', '18:00:00'),
(651, 89, 'Monday', '09:00:00', '10:00:00'),
(652, 89, 'Tuesday', '08:00:00', '09:00:00'),
(653, 89, 'Wednesday', '19:00:00', '20:00:00'),
(654, 89, 'Thursday', '10:00:00', '11:00:00'),
(655, 89, 'Friday', '15:00:00', '16:00:00'),
(656, 90, 'Saturday', '15:00:00', '16:00:00'),
(657, 90, 'Sunday', '17:00:00', '18:00:00'),
(658, 90, 'Monday', '21:00:00', '22:00:00'),
(659, 90, 'Tuesday', '09:00:00', '10:00:00'),
(660, 90, 'Wednesday', '11:00:00', '12:00:00'),
(661, 90, 'Thursday', '08:00:00', '09:00:00'),
(662, 90, 'Friday', '10:00:00', '11:00:00'),
(663, 91, 'Saturday', '11:00:00', '12:00:00'),
(664, 91, 'Sunday', '14:00:00', '15:00:00'),
(665, 91, 'Monday', '09:00:00', '10:00:00'),
(666, 91, 'Tuesday', '16:00:00', '17:00:00'),
(667, 91, 'Wednesday', '15:00:00', '16:00:00'),
(668, 91, 'Thursday', '21:00:00', '22:00:00'),
(669, 91, 'Friday', '12:00:00', '13:00:00'),
(670, 92, 'Saturday', '21:00:00', '22:00:00'),
(671, 92, 'Sunday', '14:00:00', '15:00:00'),
(672, 92, 'Monday', '17:00:00', '18:00:00'),
(673, 92, 'Tuesday', '15:00:00', '16:00:00'),
(674, 92, 'Wednesday', '11:00:00', '12:00:00'),
(675, 92, 'Thursday', '13:00:00', '14:00:00'),
(676, 92, 'Friday', '16:00:00', '17:00:00'),
(677, 93, 'Saturday', '10:00:00', '11:00:00'),
(678, 93, 'Sunday', '17:00:00', '18:00:00'),
(679, 93, 'Monday', '08:00:00', '09:00:00'),
(680, 93, 'Tuesday', '15:00:00', '16:00:00'),
(681, 93, 'Wednesday', '09:00:00', '10:00:00'),
(682, 93, 'Thursday', '19:00:00', '20:00:00'),
(683, 93, 'Friday', '20:00:00', '21:00:00'),
(684, 94, 'Saturday', '08:00:00', '09:00:00'),
(685, 94, 'Sunday', '13:00:00', '14:00:00'),
(686, 94, 'Monday', '17:00:00', '18:00:00'),
(687, 94, 'Tuesday', '21:00:00', '22:00:00'),
(688, 94, 'Wednesday', '18:00:00', '19:00:00'),
(689, 94, 'Thursday', '10:00:00', '11:00:00'),
(690, 94, 'Friday', '19:00:00', '20:00:00'),
(691, 95, 'Saturday', '09:00:00', '10:00:00'),
(692, 95, 'Sunday', '08:00:00', '09:00:00'),
(693, 95, 'Monday', '11:00:00', '12:00:00'),
(694, 95, 'Tuesday', '14:00:00', '15:00:00'),
(695, 95, 'Wednesday', '10:00:00', '11:00:00'),
(696, 95, 'Thursday', '16:00:00', '17:00:00'),
(697, 95, 'Friday', '15:00:00', '16:00:00'),
(698, 96, 'Saturday', '13:00:00', '14:00:00'),
(699, 96, 'Sunday', '18:00:00', '19:00:00'),
(700, 96, 'Monday', '19:00:00', '20:00:00'),
(701, 96, 'Tuesday', '10:00:00', '11:00:00'),
(702, 96, 'Wednesday', '20:00:00', '21:00:00'),
(703, 96, 'Thursday', '14:00:00', '15:00:00'),
(704, 96, 'Friday', '15:00:00', '16:00:00'),
(705, 97, 'Saturday', '13:00:00', '14:00:00'),
(706, 97, 'Sunday', '20:00:00', '21:00:00'),
(707, 97, 'Monday', '21:00:00', '22:00:00'),
(708, 97, 'Tuesday', '18:00:00', '19:00:00'),
(709, 97, 'Wednesday', '19:00:00', '20:00:00'),
(710, 97, 'Thursday', '08:00:00', '09:00:00'),
(711, 97, 'Friday', '17:00:00', '18:00:00'),
(712, 98, 'Saturday', '21:00:00', '22:00:00'),
(713, 98, 'Sunday', '15:00:00', '16:00:00'),
(714, 98, 'Monday', '13:00:00', '14:00:00'),
(715, 98, 'Tuesday', '16:00:00', '17:00:00'),
(716, 98, 'Wednesday', '17:00:00', '18:00:00'),
(717, 98, 'Thursday', '18:00:00', '19:00:00'),
(718, 98, 'Friday', '08:00:00', '09:00:00'),
(719, 99, 'Saturday', '10:00:00', '11:00:00'),
(720, 99, 'Sunday', '19:00:00', '20:00:00'),
(721, 99, 'Monday', '17:00:00', '18:00:00'),
(722, 99, 'Tuesday', '21:00:00', '22:00:00'),
(723, 99, 'Wednesday', '12:00:00', '13:00:00'),
(724, 99, 'Thursday', '13:00:00', '14:00:00'),
(725, 99, 'Friday', '16:00:00', '17:00:00'),
(726, 100, 'Saturday', '16:00:00', '17:00:00'),
(727, 100, 'Sunday', '21:00:00', '22:00:00'),
(728, 100, 'Monday', '18:00:00', '19:00:00'),
(729, 100, 'Tuesday', '17:00:00', '18:00:00'),
(730, 100, 'Wednesday', '08:00:00', '09:00:00'),
(731, 100, 'Thursday', '19:00:00', '20:00:00'),
(732, 100, 'Friday', '11:00:00', '12:00:00'),
(733, 101, 'Saturday', '09:00:00', '10:00:00'),
(734, 101, 'Sunday', '13:00:00', '14:00:00'),
(735, 101, 'Monday', '12:00:00', '13:00:00'),
(736, 101, 'Tuesday', '15:00:00', '16:00:00'),
(737, 101, 'Wednesday', '11:00:00', '12:00:00'),
(738, 101, 'Thursday', '10:00:00', '11:00:00'),
(739, 101, 'Friday', '08:00:00', '09:00:00'),
(740, 102, 'Saturday', '19:00:00', '20:00:00'),
(741, 102, 'Sunday', '14:00:00', '15:00:00'),
(742, 102, 'Monday', '16:00:00', '17:00:00'),
(743, 102, 'Tuesday', '10:00:00', '11:00:00'),
(744, 102, 'Wednesday', '18:00:00', '19:00:00'),
(745, 102, 'Thursday', '09:00:00', '10:00:00'),
(746, 102, 'Friday', '12:00:00', '13:00:00'),
(747, 103, 'Saturday', '19:00:00', '20:00:00'),
(748, 103, 'Sunday', '14:00:00', '15:00:00'),
(749, 103, 'Monday', '21:00:00', '22:00:00'),
(750, 103, 'Tuesday', '10:00:00', '11:00:00'),
(751, 103, 'Wednesday', '09:00:00', '10:00:00'),
(752, 103, 'Thursday', '11:00:00', '12:00:00'),
(753, 103, 'Friday', '12:00:00', '13:00:00'),
(754, 104, 'Saturday', '19:00:00', '20:00:00'),
(755, 104, 'Sunday', '15:00:00', '16:00:00'),
(756, 104, 'Monday', '20:00:00', '21:00:00'),
(757, 104, 'Tuesday', '09:00:00', '10:00:00'),
(758, 104, 'Wednesday', '17:00:00', '18:00:00'),
(759, 104, 'Thursday', '21:00:00', '22:00:00'),
(760, 104, 'Friday', '16:00:00', '17:00:00'),
(761, 105, 'Saturday', '09:00:00', '10:00:00'),
(762, 105, 'Sunday', '13:00:00', '14:00:00'),
(763, 105, 'Monday', '10:00:00', '11:00:00'),
(764, 105, 'Tuesday', '11:00:00', '12:00:00'),
(765, 105, 'Wednesday', '20:00:00', '21:00:00'),
(766, 105, 'Thursday', '17:00:00', '18:00:00'),
(767, 105, 'Friday', '18:00:00', '19:00:00'),
(768, 106, 'Saturday', '16:00:00', '17:00:00'),
(769, 106, 'Sunday', '17:00:00', '18:00:00'),
(770, 106, 'Monday', '12:00:00', '13:00:00'),
(771, 106, 'Tuesday', '13:00:00', '14:00:00'),
(772, 106, 'Wednesday', '19:00:00', '20:00:00'),
(773, 106, 'Thursday', '21:00:00', '22:00:00'),
(774, 106, 'Friday', '08:00:00', '09:00:00'),
(775, 107, 'Saturday', '16:00:00', '17:00:00'),
(776, 107, 'Sunday', '15:00:00', '16:00:00'),
(777, 107, 'Monday', '21:00:00', '22:00:00'),
(778, 107, 'Tuesday', '20:00:00', '21:00:00'),
(779, 107, 'Wednesday', '11:00:00', '12:00:00'),
(780, 107, 'Thursday', '19:00:00', '20:00:00'),
(781, 107, 'Friday', '17:00:00', '18:00:00'),
(782, 108, 'Saturday', '16:00:00', '17:00:00'),
(783, 108, 'Sunday', '14:00:00', '15:00:00'),
(784, 108, 'Monday', '21:00:00', '22:00:00'),
(785, 108, 'Tuesday', '08:00:00', '09:00:00'),
(786, 108, 'Wednesday', '13:00:00', '14:00:00'),
(787, 108, 'Thursday', '19:00:00', '20:00:00'),
(788, 108, 'Friday', '09:00:00', '10:00:00'),
(789, 109, 'Saturday', '13:00:00', '14:00:00'),
(790, 109, 'Sunday', '14:00:00', '15:00:00'),
(791, 109, 'Monday', '19:00:00', '20:00:00'),
(792, 109, 'Tuesday', '21:00:00', '22:00:00'),
(793, 109, 'Wednesday', '11:00:00', '12:00:00'),
(794, 109, 'Thursday', '08:00:00', '09:00:00'),
(795, 109, 'Friday', '09:00:00', '10:00:00'),
(796, 110, 'Saturday', '14:00:00', '15:00:00'),
(797, 110, 'Sunday', '08:00:00', '09:00:00'),
(798, 110, 'Monday', '18:00:00', '19:00:00'),
(799, 110, 'Tuesday', '11:00:00', '12:00:00'),
(800, 110, 'Wednesday', '09:00:00', '10:00:00'),
(801, 110, 'Thursday', '21:00:00', '22:00:00'),
(802, 110, 'Friday', '13:00:00', '14:00:00'),
(803, 111, 'Saturday', '17:00:00', '18:00:00'),
(804, 111, 'Sunday', '20:00:00', '21:00:00'),
(805, 111, 'Monday', '14:00:00', '15:00:00'),
(806, 111, 'Tuesday', '13:00:00', '14:00:00'),
(807, 111, 'Wednesday', '12:00:00', '13:00:00'),
(808, 111, 'Thursday', '09:00:00', '10:00:00'),
(809, 111, 'Friday', '11:00:00', '12:00:00'),
(810, 112, 'Saturday', '14:00:00', '15:00:00'),
(811, 112, 'Sunday', '13:00:00', '14:00:00'),
(812, 112, 'Monday', '17:00:00', '18:00:00'),
(813, 112, 'Tuesday', '20:00:00', '21:00:00'),
(814, 112, 'Wednesday', '11:00:00', '12:00:00'),
(815, 112, 'Thursday', '19:00:00', '20:00:00'),
(816, 112, 'Friday', '16:00:00', '17:00:00'),
(817, 113, 'Saturday', '21:00:00', '22:00:00'),
(818, 113, 'Sunday', '10:00:00', '11:00:00'),
(819, 113, 'Monday', '08:00:00', '09:00:00'),
(820, 113, 'Tuesday', '18:00:00', '19:00:00'),
(821, 113, 'Wednesday', '12:00:00', '13:00:00'),
(822, 113, 'Thursday', '11:00:00', '12:00:00'),
(823, 113, 'Friday', '14:00:00', '15:00:00'),
(824, 114, 'Saturday', '15:00:00', '16:00:00'),
(825, 114, 'Sunday', '17:00:00', '18:00:00'),
(826, 114, 'Monday', '21:00:00', '22:00:00'),
(827, 114, 'Tuesday', '20:00:00', '21:00:00'),
(828, 114, 'Wednesday', '08:00:00', '09:00:00'),
(829, 114, 'Thursday', '18:00:00', '19:00:00'),
(830, 114, 'Friday', '14:00:00', '15:00:00'),
(831, 115, 'Saturday', '12:00:00', '13:00:00'),
(832, 115, 'Sunday', '18:00:00', '19:00:00'),
(833, 115, 'Monday', '20:00:00', '21:00:00'),
(834, 115, 'Tuesday', '11:00:00', '12:00:00'),
(835, 115, 'Wednesday', '17:00:00', '18:00:00'),
(836, 115, 'Thursday', '13:00:00', '14:00:00'),
(837, 115, 'Friday', '10:00:00', '11:00:00'),
(838, 116, 'Saturday', '10:00:00', '11:00:00'),
(839, 116, 'Sunday', '13:00:00', '14:00:00'),
(840, 116, 'Monday', '11:00:00', '12:00:00'),
(841, 116, 'Tuesday', '18:00:00', '19:00:00'),
(842, 116, 'Wednesday', '20:00:00', '21:00:00'),
(843, 116, 'Thursday', '19:00:00', '20:00:00'),
(844, 116, 'Friday', '08:00:00', '09:00:00'),
(845, 117, 'Saturday', '20:00:00', '21:00:00'),
(846, 117, 'Sunday', '16:00:00', '17:00:00'),
(847, 117, 'Monday', '11:00:00', '12:00:00'),
(848, 117, 'Tuesday', '21:00:00', '22:00:00'),
(849, 117, 'Wednesday', '10:00:00', '11:00:00'),
(850, 117, 'Thursday', '08:00:00', '09:00:00'),
(851, 117, 'Friday', '18:00:00', '19:00:00'),
(852, 118, 'Saturday', '12:00:00', '13:00:00'),
(853, 118, 'Sunday', '21:00:00', '22:00:00'),
(854, 118, 'Monday', '11:00:00', '12:00:00'),
(855, 118, 'Tuesday', '08:00:00', '09:00:00'),
(856, 118, 'Wednesday', '15:00:00', '16:00:00'),
(857, 118, 'Thursday', '19:00:00', '20:00:00'),
(858, 118, 'Friday', '16:00:00', '17:00:00'),
(859, 119, 'Saturday', '17:00:00', '18:00:00'),
(860, 119, 'Sunday', '20:00:00', '21:00:00'),
(861, 119, 'Monday', '19:00:00', '20:00:00'),
(862, 119, 'Tuesday', '16:00:00', '17:00:00'),
(863, 119, 'Wednesday', '21:00:00', '22:00:00'),
(864, 119, 'Thursday', '15:00:00', '16:00:00'),
(865, 119, 'Friday', '09:00:00', '10:00:00'),
(866, 120, 'Saturday', '12:00:00', '13:00:00'),
(867, 120, 'Sunday', '19:00:00', '20:00:00'),
(868, 120, 'Monday', '10:00:00', '11:00:00'),
(869, 120, 'Tuesday', '17:00:00', '18:00:00'),
(870, 120, 'Wednesday', '13:00:00', '14:00:00'),
(871, 120, 'Thursday', '15:00:00', '16:00:00'),
(872, 120, 'Friday', '14:00:00', '15:00:00'),
(873, 122, 'Saturday', '09:00:00', '20:30:00'),
(874, 122, 'Sunday', '09:00:00', '20:30:00'),
(875, 122, 'Monday', '09:00:00', '20:30:00'),
(876, 122, 'Tuesday', '08:00:00', '21:30:00'),
(877, 122, 'Wednesday', '08:00:00', '21:30:00'),
(878, 122, 'Thursday', '08:00:00', '21:30:00'),
(879, 122, 'Friday', '08:00:00', '21:30:00'),
(880, 121, 'Thursday', '19:00:00', '23:00:00'),
(881, 123, 'Saturday', '11:00:00', '16:00:00'),
(882, 123, 'Sunday', '13:00:00', '21:00:00'),
(883, 123, 'Monday', '05:00:00', '14:00:00'),
(884, 123, 'Monday', '17:00:00', '19:00:00'),
(885, 123, 'Tuesday', '06:00:00', '00:00:00'),
(886, 123, 'Wednesday', '13:00:00', '17:00:00'),
(887, 123, 'Thursday', '17:00:00', '23:00:00'),
(888, 123, 'Friday', '12:00:00', '12:00:00');

-- --------------------------------------------------------

--
-- Table structure for table `barber_shop`
--

CREATE TABLE `barber_shop` (
  `shop_id` int(11) NOT NULL,
  `shop_name` varchar(50) NOT NULL,
  `shop_title` varchar(100) NOT NULL,
  `shop_info` text NOT NULL DEFAULT 'This is our shop.',
  `gender` varchar(10) NOT NULL DEFAULT 'Male',
  `shop_rating` decimal(3,2) NOT NULL DEFAULT 0.00,
  `shop_picture` varchar(100) DEFAULT NULL,
  `shop_email` varchar(50) NOT NULL,
  `shop_password` varchar(50) NOT NULL,
  `shop_owner` varchar(50) NOT NULL,
  `shop_customer_count` int(11) NOT NULL DEFAULT 0,
  `status` tinyint(1) NOT NULL DEFAULT 1,
  `mobile_number` varchar(15) NOT NULL,
  `member_since` timestamp NOT NULL DEFAULT current_timestamp(),
  `shop_state` varchar(100) NOT NULL,
  `shop_city` varchar(100) NOT NULL,
  `shop_area` varchar(100) NOT NULL,
  `shop_landmark_1` varchar(100) NOT NULL,
  `shop_landmark_2` varchar(100) NOT NULL,
  `shop_landmark_3` varchar(100) NOT NULL,
  `shop_landmark_4` varchar(100) DEFAULT NULL,
  `shop_landmark_5` varchar(100) DEFAULT NULL,
  `latitude` float NOT NULL,
  `longitude` float NOT NULL
) ENGINE=InnoDB DEFAULT CHARSET=utf8mb4 COLLATE=utf8mb4_general_ci;

--
-- Dumping data for table `barber_shop`
--

INSERT INTO `barber_shop` (`shop_id`, `shop_name`, `shop_title`, `shop_info`, `gender`, `shop_rating`, `shop_picture`, `shop_email`, `shop_password`, `shop_owner`, `shop_customer_count`, `status`, `mobile_number`, `member_since`, `shop_state`, `shop_city`, `shop_area`, `shop_landmark_1`, `shop_landmark_2`, `shop_landmark_3`, `shop_landmark_4`, `shop_landmark_5`, `latitude`, `longitude`) VALUES
(1, 'Elegance Cuts', 'Top-notch Barber Services', 'This is our shop.', 'Male', 4.00, 'elegance.jpg', 'elegance@example.com', '123456', 'Samiul Haque', 1, 1, '1712345678', '0000-00-00 00:00:00', 'Dhaka', 'Dhaka', 'Banani', 'Banani 11', 'Banani Bridge', 'Gulshan Circle', '', '', 23.7906, 90.4007),
(2, 'Sharp Shaves', 'Professional Barber', 'This is our shop.', '', 4.98, 'sharp.jpg', 'sharp@example.com', '123456', 'Tanvir Rahman', 325, 1, '1887654328', '0000-00-00 00:00:00', 'Chittagong', 'Chittagong', 'Agrabad', 'Port Colony', 'Fakirhat', 'Karnaphuli Bridge', '', '', 0, 0),
(3, 'Shop_3', 'Excellent Service 3', 'This is our shop.', 'Male', 5.00, 'shop_3.jpg', 'shop3@example.com', '123456', 'Owner_3', 288, 1, '1725263146', '0000-00-00 00:00:00', 'Dhaka', 'Narayanganj', 'Agrabad', 'Circle 1', 'City Hall', 'Main Market', 'Bridge', 'City Hall', 21.6084, 88.1617),
(4, 'Shop_4', 'Excellent Service 4', 'This is our shop.', 'Female', 3.00, 'shop_4.jpg', 'shop4@example.com', '123456', 'Owner_4', 53, 1, '1716046194', '0000-00-00 00:00:00', 'Sylhet', 'Sylhet', 'Agrabad', 'Station', 'Central Park', 'Lake View', 'Lake View', '', 23.4565, 90.5322),
(5, 'Shop_5', 'Excellent Service 5', 'This is our shop.', 'Male', 4.00, 'shop_5.jpg', 'shop5@example.com', '123456', 'Owner_5', 253, 1, '1720630363', '0000-00-00 00:00:00', 'Sylhet', 'Khulna', 'Zindabazar', 'Bridge', 'Circle 1', 'Bridge', 'Central Park', '', 25.5717, 89.0079),
(6, 'Shop_6', 'Excellent Service 6', 'This is our shop.', 'Male', 4.00, 'shop_6.jpg', 'shop6@example.com', '123456', 'Owner_6', 267, 1, '1739447556', '0000-00-00 00:00:00', 'Khulna', 'Gazipur', 'Uttara', 'Circle 1', 'Station', 'City Hall', '', '', 26.1455, 89.3515),
(7, 'Shop_7', 'Excellent Service 7', 'This is our shop.', 'Male', 4.00, 'shop_7.jpg', 'shop7@example.com', '123456', 'Owner_7', 177, 1, '1744429156', '0000-00-00 00:00:00', 'Rangpur', 'Rajshahi', 'Agrabad', 'Bridge', 'City Hall', 'Main Market', 'Lake View', '', 23.148, 91.179),
(8, 'Shop_8', 'Excellent Service 8', 'This is our shop.', 'Female', 5.00, 'shop_8.jpg', 'shop8@example.com', '123456', 'Owner_8', 142, 1, '1773587893', '0000-00-00 00:00:00', 'Rajshahi', 'Narayanganj', 'Uttara', 'City Hall', 'Circle 1', 'Bridge', '', 'Bridge', 23.309, 89.4783),
(9, 'Shop_9', 'Excellent Service 9', 'This is our shop.', 'Female', 3.00, 'shop_9.jpg', 'shop9@example.com', '123456', 'Owner_9', 230, 1, '1786897711', '0000-00-00 00:00:00', 'Rangpur', 'Chittagong', 'Pahartali', 'City Hall', 'Lake View', 'Bridge', 'Main Market', '', 25.9332, 88.6445),
(10, 'Shop_10', 'Excellent Service 10', 'This is our shop.', 'Female', 5.00, 'shop_10.jpg', 'shop10@example.com', '123456', 'Owner_10', 255, 1, '1763092236', '0000-00-00 00:00:00', 'Sylhet', 'Khulna', 'Dhanmondi', 'Station', 'City Hall', 'Main Market', 'Circle 1', '', 25.4727, 90.7874),
(11, 'Shop_11', 'Excellent Service 11', 'This is our shop.', 'Female', 3.00, 'shop_11.jpg', 'shop11@example.com', '123456', 'Owner_11', 90, 1, '1779931581', '0000-00-00 00:00:00', 'Rajshahi', 'Dhaka', 'Dhanmondi', 'Lake View', 'Central Park', 'Main Market', 'Bridge', 'Circle 1', 22.2733, 88.9757),
(12, 'Shop_12', 'Excellent Service 12', 'This is our shop.', 'Female', 3.00, 'shop_12.jpg', 'shop12@example.com', '123456', 'Owner_12', 144, 1, '1719512068', '0000-00-00 00:00:00', 'Rajshahi', 'Khulna', 'Banani', 'Circle 1', 'Circle 1', 'Bridge', 'Circle 1', '', 22.2046, 88.7339),
(13, 'Shop_13', 'Excellent Service 13', 'This is our shop.', 'Male', 5.00, 'shop_13.jpg', 'shop13@example.com', '123456', 'Owner_13', 107, 1, '1714907669', '0000-00-00 00:00:00', 'Khulna', 'Sylhet', 'Dhanmondi', 'Main Market', 'Circle 1', 'Lake View', '', '', 25.8018, 89.9065),
(14, 'Shop_14', 'Excellent Service 14', 'This is our shop.', 'Male', 3.00, 'shop_14.jpg', 'shop14@example.com', '123456', 'Owner_14', 201, 1, '1752670004', '0000-00-00 00:00:00', 'Barisal', 'Khulna', 'Gulshan', 'Lake View', 'Lake View', 'Circle 1', '', '', 24.9686, 89.7988),
(15, 'Shop_15', 'Excellent Service 15', 'This is our shop.', 'Male', 5.00, 'shop_15.jpg', 'shop15@example.com', '123456', 'Owner_15', 134, 1, '1740678469', '0000-00-00 00:00:00', 'Rajshahi', 'Rangpur', 'Gulshan', 'Station', 'Lake View', 'Station', '', 'Lake View', 22.3955, 88.5243),
(16, 'Shop_16', 'Excellent Service 16', 'This is our shop.', 'Male', 4.00, 'shop_16.jpg', 'shop16@example.com', '123456', 'Owner_16', 159, 1, '1789084184', '0000-00-00 00:00:00', 'Rajshahi', 'Gazipur', 'Sonadanga', 'Circle 1', 'Lake View', 'Circle 1', '', 'Station', 23.5495, 90.8705),
(17, 'Shop_17', 'Excellent Service 17', 'This is our shop.', 'Male', 5.00, 'shop_17.jpg', 'shop17@example.com', '123456', 'Owner_17', 174, 1, '1711206875', '0000-00-00 00:00:00', 'Khulna', 'Cumilla', 'Banani', 'Circle 1', 'Circle 1', 'Main Market', 'City Hall', 'Central Park', 26.2528, 91.7632),
(18, 'Shop_18', 'Excellent Service 18', 'This is our shop.', 'Female', 4.00, 'shop_18.jpg', 'shop18@example.com', '123456', 'Owner_18', 201, 1, '1784677246', '0000-00-00 00:00:00', 'Rajshahi', 'Cumilla', 'Agrabad', 'City Hall', 'Central Park', 'Main Market', 'Lake View', '', 25.22, 88.1402),
(19, 'Shop_19', 'Excellent Service 19', 'This is our shop.', 'Female', 5.00, 'shop_19.jpg', 'shop19@example.com', '123456', 'Owner_19', 71, 1, '1786072627', '0000-00-00 00:00:00', 'Chittagong', 'Barisal', 'Dhanmondi', 'Circle 1', 'Central Park', 'City Hall', '', '', 23.4338, 91.5602),
(20, 'Shop_20', 'Excellent Service 20', 'This is our shop.', 'Female', 4.00, 'shop_20.jpg', 'shop20@example.com', '123456', 'Owner_20', 260, 1, '1798944029', '0000-00-00 00:00:00', 'Rajshahi', 'Narayanganj', 'Mirpur', 'Circle 1', 'Lake View', 'City Hall', 'Lake View', 'City Hall', 22.7732, 89.4682),
(21, 'Shop_21', 'Excellent Service 21', 'This is our shop.', 'Male', 3.00, 'shop_21.jpg', 'shop21@example.com', '123456', 'Owner_21', 71, 1, '1774600080', '0000-00-00 00:00:00', 'Dhaka', 'Dhaka', 'Agrabad', 'Central Park', 'Station', 'Bridge', 'Station', 'Central Park', 26.429, 90.6873),
(22, 'Shop_22', 'Excellent Service 22', 'This is our shop.', 'Male', 4.00, 'shop_22.jpg', 'shop22@example.com', '123456', 'Owner_22', 293, 1, '1712004348', '0000-00-00 00:00:00', 'Rajshahi', 'Rajshahi', 'Sonadanga', 'Lake View', 'Circle 1', 'Bridge', 'Circle 1', 'Bridge', 21.7217, 88.4995),
(23, 'Shop_23', 'Excellent Service 23', 'This is our shop.', 'Male', 5.00, 'shop_23.jpg', 'shop23@example.com', '123456', 'Owner_23', 172, 1, '1786135354', '0000-00-00 00:00:00', 'Khulna', 'Narayanganj', 'Mirpur', 'City Hall', 'Circle 1', 'Station', '', '', 21.9979, 89.9269),
(24, 'Shop_24', 'Excellent Service 24', 'This is our shop.', 'Male', 4.99, 'shop_24.jpg', 'shop24@example.com', '123456', 'Owner_24', 301, 1, '1744874244', '0000-00-00 00:00:00', 'Rajshahi', 'Barisal', 'Dhanmondi', 'Circle 1', 'City Hall', 'Circle 1', '', 'Bridge', 23.2648, 92.0658),
(25, 'Shop_25', 'Excellent Service 25', 'This is our shop.', 'Male', 4.00, 'shop_25.jpg', 'shop25@example.com', '123456', 'Owner_25', 78, 1, '1720807502', '0000-00-00 00:00:00', 'Khulna', 'Khulna', 'Banani', 'Station', 'Main Market', 'Lake View', 'Central Park', 'City Hall', 25.2754, 90.7084),
(26, 'Shop_26', 'Excellent Service 26', 'This is our shop.', 'Male', 3.00, 'shop_26.jpg', 'shop26@example.com', '123456', 'Owner_26', 238, 1, '1796058773', '0000-00-00 00:00:00', 'Chittagong', 'Khulna', 'Sonadanga', 'Central Park', 'Main Market', 'City Hall', 'Main Market', 'Circle 1', 25.1193, 92.0174),
(27, 'Shop_27', 'Excellent Service 27', 'This is our shop.', 'Male', 4.00, 'shop_27.jpg', 'shop27@example.com', '123456', 'Owner_27', 285, 1, '1793453163', '0000-00-00 00:00:00', 'Rajshahi', 'Cumilla', 'Uttara', 'Lake View', 'City Hall', 'Main Market', '', '', 26.1524, 92.3243),
(28, 'Shop_28', 'Excellent Service 28', 'This is our shop.', 'Female', 3.00, 'shop_28.jpg', 'shop28@example.com', '123456', 'Owner_28', 144, 1, '1711547215', '0000-00-00 00:00:00', 'Khulna', 'Chittagong', 'Uttara', 'Central Park', 'Lake View', 'Circle 1', '', 'Main Market', 21.7144, 88.504),
(29, 'Shop_29', 'Excellent Service 29', 'This is our shop.', 'Male', 5.00, 'shop_29.jpg', 'shop29@example.com', '123456', 'Owner_29', 174, 1, '1785059273', '0000-00-00 00:00:00', 'Barisal', 'Cumilla', 'Banani', 'City Hall', 'Circle 1', 'Station', '', '', 24.4494, 91.6314),
(30, 'Shop_30', 'Excellent Service 30', 'This is our shop.', 'Female', 4.00, 'shop_30.jpg', 'shop30@example.com', '123456', 'Owner_30', 283, 1, '1765876727', '0000-00-00 00:00:00', 'Khulna', 'Rangpur', 'Sonadanga', 'City Hall', 'Lake View', 'Lake View', 'Lake View', 'Central Park', 24.5694, 91.5477),
(31, 'Shop_31', 'Excellent Service 31', 'This is our shop.', 'Female', 4.00, 'shop_31.jpg', 'shop31@example.com', '123456', 'Owner_31', 185, 1, '1738339110', '0000-00-00 00:00:00', 'Rajshahi', 'Chittagong', 'Sonadanga', 'Main Market', 'Main Market', 'Lake View', 'Station', 'Central Park', 25.2593, 89.6471),
(32, 'Shop_32', 'Excellent Service 32', 'This is our shop.', 'Female', 4.00, 'shop_32.jpg', 'shop32@example.com', '123456', 'Owner_32', 55, 1, '1777760589', '0000-00-00 00:00:00', 'Dhaka', 'Khulna', 'Agrabad', 'Station', 'Station', 'Station', '', '', 23.2903, 90.0828),
(33, 'Shop_33', 'Excellent Service 33', 'This is our shop.', 'Male', 5.00, 'shop_33.jpg', 'shop33@example.com', '123456', 'Owner_33', 284, 1, '1745188472', '0000-00-00 00:00:00', 'Rangpur', 'Dhaka', 'Zindabazar', 'Bridge', 'Main Market', 'Circle 1', 'City Hall', 'City Hall', 25.9587, 88.48),
(34, 'Shop_34', 'Excellent Service 34', 'This is our shop.', 'Female', 4.00, 'shop_34.jpg', 'shop34@example.com', '123456', 'Owner_34', 183, 1, '1742521621', '0000-00-00 00:00:00', 'Chittagong', 'Rajshahi', 'Zindabazar', 'Lake View', 'Circle 1', 'City Hall', 'Circle 1', 'Central Park', 22.2226, 89.3346),
(35, 'Shop_35', 'Excellent Service 35', 'This is our shop.', 'Female', 3.00, 'shop_35.jpg', 'shop35@example.com', '123456', 'Owner_35', 142, 1, '1763940763', '0000-00-00 00:00:00', 'Chittagong', 'Cumilla', 'Zindabazar', 'Bridge', 'City Hall', 'Main Market', 'City Hall', '', 25.5769, 90.5734),
(36, 'Shop_36', 'Excellent Service 36', 'This is our shop.', 'Male', 4.00, 'shop_36.jpg', 'shop36@example.com', '123456', 'Owner_36', 221, 1, '1764663642', '0000-00-00 00:00:00', 'Sylhet', 'Chittagong', 'Uttara', 'Main Market', 'Bridge', 'Bridge', '', 'Main Market', 25.7865, 90.2051),
(37, 'Shop_37', 'Excellent Service 37', 'This is our shop.', 'Female', 5.00, 'shop_37.jpg', 'shop37@example.com', '123456', 'Owner_37', 93, 1, '1794929231', '0000-00-00 00:00:00', 'Sylhet', 'Rangpur', 'Agrabad', 'Bridge', 'Station', 'Main Market', 'Central Park', '', 23.2277, 90.5575),
(38, 'Shop_38', 'Excellent Service 38', 'This is our shop.', 'Male', 5.00, 'shop_38.jpg', 'shop38@example.com', '123456', 'Owner_38', 229, 1, '1785134059', '0000-00-00 00:00:00', 'Rajshahi', 'Cumilla', 'Banani', 'Lake View', 'Circle 1', 'Station', 'Bridge', '', 23.8403, 88.4159),
(39, 'Shop_39', 'Excellent Service 39', 'This is our shop.', 'Male', 5.00, 'shop_39.jpg', 'shop39@example.com', '123456', 'Owner_39', 236, 1, '1799596447', '0000-00-00 00:00:00', 'Chittagong', 'Chittagong', 'Gulshan', 'Circle 1', 'Main Market', 'Bridge', 'Main Market', '', 26.055, 89.2344),
(40, 'Shop_40', 'Excellent Service 40', 'This is our shop.', 'Male', 4.00, 'shop_40.jpg', 'shop40@example.com', '123456', 'Owner_40', 239, 1, '1797249373', '0000-00-00 00:00:00', 'Rangpur', 'Gazipur', 'Dhanmondi', 'Bridge', 'Circle 1', 'Lake View', '', '', 25.4034, 88.666),
(41, 'Shop_41', 'Excellent Service 41', 'This is our shop.', 'Male', 3.00, 'shop_41.jpg', 'shop41@example.com', '123456', 'Owner_41', 146, 1, '1792302420', '0000-00-00 00:00:00', 'Barisal', 'Khulna', 'Banani', 'Main Market', 'Bridge', 'Central Park', '', 'Circle 1', 25.9653, 90.6535),
(42, 'Shop_42', 'Excellent Service 42', 'This is our shop.', 'Male', 4.00, 'shop_42.jpg', 'shop42@example.com', '123456', 'Owner_42', 169, 1, '1779923670', '0000-00-00 00:00:00', 'Sylhet', 'Chittagong', 'Dhanmondi', 'Central Park', 'City Hall', 'Station', '', 'Bridge', 22.4926, 88.7182),
(43, 'Shop_43', 'Excellent Service 43', 'This is our shop.', 'Female', 3.00, 'shop_43.jpg', 'shop43@example.com', '123456', 'Owner_43', 276, 1, '1775780569', '0000-00-00 00:00:00', 'Chittagong', 'Sylhet', 'Sonadanga', 'Circle 1', 'Bridge', 'Station', '', 'Station', 23.9539, 89.2295),
(44, 'Shop_44', 'Excellent Service 44', 'This is our shop.', 'Female', 5.00, 'shop_44.jpg', 'shop44@example.com', '123456', 'Owner_44', 227, 1, '1799615041', '0000-00-00 00:00:00', 'Rangpur', 'Cumilla', 'Zindabazar', 'Bridge', 'Circle 1', 'Lake View', 'Station', 'Central Park', 25.1789, 88.3108),
(45, 'Shop_45', 'Excellent Service 45', 'This is our shop.', 'Female', 4.00, 'shop_45.jpg', 'shop45@example.com', '123456', 'Owner_45', 57, 1, '1794600553', '0000-00-00 00:00:00', 'Dhaka', 'Rajshahi', 'Pahartali', 'Circle 1', 'City Hall', 'Station', 'Station', 'City Hall', 26.0493, 90.6905),
(46, 'Shop_46', 'Excellent Service 46', 'This is our shop.', 'Male', 4.00, 'shop_46.jpg', 'shop46@example.com', '123456', 'Owner_46', 185, 1, '1777171708', '0000-00-00 00:00:00', 'Chittagong', 'Rangpur', 'Mirpur', 'Central Park', 'Main Market', 'Station', '', '', 22.2136, 90.331),
(47, 'Shop_47', 'Excellent Service 47', 'This is our shop.', 'Male', 4.00, 'shop_47.jpg', 'shop47@example.com', '123456', 'Owner_47', 54, 1, '1740291099', '0000-00-00 00:00:00', 'Rangpur', 'Cumilla', 'Agrabad', 'Circle 1', 'Main Market', 'Station', '', '', 26.3492, 90.2137),
(48, 'Shop_48', 'Excellent Service 48', 'This is our shop.', 'Male', 5.00, 'shop_48.jpg', 'shop48@example.com', '123456', 'Owner_48', 164, 1, '1777685865', '0000-00-00 00:00:00', 'Khulna', 'Khulna', 'Uttara', 'City Hall', 'City Hall', 'Station', 'Main Market', '', 23.3499, 92.4187),
(49, 'Shop_49', 'Excellent Service 49', 'This is our shop.', 'Female', 3.00, 'shop_49.jpg', 'shop49@example.com', '123456', 'Owner_49', 232, 1, '1744009713', '0000-00-00 00:00:00', 'Sylhet', 'Dhaka', 'Banani', 'Central Park', 'City Hall', 'Lake View', 'Circle 1', 'City Hall', 23.2077, 89.1114),
(50, 'Shop_50', 'Excellent Service 50', 'This is our shop.', 'Female', 4.00, 'shop_50.jpg', 'shop50@example.com', '123456', 'Owner_50', 273, 1, '1775303134', '0000-00-00 00:00:00', 'Rangpur', 'Cumilla', 'Mirpur', 'Bridge', 'City Hall', 'Lake View', 'Bridge', '', 21.6665, 89.9842),
(51, 'Shop_51', 'Excellent Service 51', 'This is our shop.', 'Female', 5.00, 'shop_51.jpg', 'shop51@example.com', '123456', 'Owner_51', 216, 1, '1712659115', '0000-00-00 00:00:00', 'Rajshahi', 'Narayanganj', 'Dhanmondi', 'Station', 'Lake View', 'Lake View', 'Circle 1', '', 21.8491, 91.2626),
(52, 'Shop_52', 'Excellent Service 52', 'This is our shop.', 'Female', 4.00, 'shop_52.jpg', 'shop52@example.com', '123456', 'Owner_52', 152, 1, '1718601097', '0000-00-00 00:00:00', 'Rajshahi', 'Dhaka', 'Mirpur', 'Bridge', 'Station', 'City Hall', '', '', 25.9567, 90.1305),
(53, 'Shop_53', 'Excellent Service 53', 'This is our shop.', 'Female', 4.00, 'shop_53.jpg', 'shop53@example.com', '123456', 'Owner_53', 110, 1, '1792511149', '0000-00-00 00:00:00', 'Chittagong', 'Chittagong', 'Agrabad', 'Circle 1', 'Main Market', 'Main Market', 'City Hall', 'City Hall', 24.8409, 92.4755),
(54, 'Shop_54', 'Excellent Service 54', 'This is our shop.', 'Female', 4.00, 'shop_54.jpg', 'shop54@example.com', '123456', 'Owner_54', 68, 1, '1722247281', '0000-00-00 00:00:00', 'Sylhet', 'Chittagong', 'Zindabazar', 'Central Park', 'Bridge', 'Main Market', '', '', 22.1651, 90.4603),
(55, 'Shop_55', 'Excellent Service 55', 'This is our shop.', 'Male', 4.00, 'shop_55.jpg', 'shop55@example.com', '123456', 'Owner_55', 292, 1, '1790554415', '0000-00-00 00:00:00', 'Rajshahi', 'Gazipur', 'Dhanmondi', 'Bridge', 'Main Market', 'Main Market', '', '', 21.9943, 90.6119),
(56, 'Shop_56', 'Excellent Service 56', 'This is our shop.', 'Female', 5.00, 'shop_56.jpg', 'shop56@example.com', '123456', 'Owner_56', 75, 1, '1777717762', '0000-00-00 00:00:00', 'Dhaka', 'Narayanganj', 'Pahartali', 'Bridge', 'Central Park', 'Lake View', 'Lake View', 'Main Market', 25.5955, 91.0137),
(57, 'Shop_57', 'Excellent Service 57', 'This is our shop.', 'Female', 3.00, 'shop_57.jpg', 'shop57@example.com', '123456', 'Owner_57', 173, 1, '1788202195', '0000-00-00 00:00:00', 'Rangpur', 'Rajshahi', 'Sonadanga', 'Bridge', 'Bridge', 'Station', '', '', 24.4719, 91.7895),
(58, 'Shop_58', 'Excellent Service 58', 'This is our shop.', 'Female', 3.00, 'shop_58.jpg', 'shop58@example.com', '123456', 'Owner_58', 112, 1, '1793971358', '0000-00-00 00:00:00', 'Dhaka', 'Barisal', 'Gulshan', 'Station', 'Main Market', 'Station', 'City Hall', '', 25.2699, 90.5847),
(59, 'Shop_59', 'Excellent Service 59', 'This is our shop.', 'Female', 5.00, 'shop_59.jpg', 'shop59@example.com', '123456', 'Owner_59', 177, 1, '1736949240', '0000-00-00 00:00:00', 'Rangpur', 'Gazipur', 'Uttara', 'Station', 'City Hall', 'Lake View', 'Lake View', 'Circle 1', 22.9816, 92.3609),
(60, 'Shop_60', 'Excellent Service 60', 'This is our shop.', 'Female', 4.00, 'shop_60.jpg', 'shop60@example.com', '123456', 'Owner_60', 230, 1, '1781752158', '0000-00-00 00:00:00', 'Sylhet', 'Dhaka', 'Dhanmondi', 'City Hall', 'City Hall', 'Main Market', '', 'Central Park', 23.0734, 89.3326),
(61, 'Shop_61', 'Excellent Service 61', 'This is our shop.', 'Male', 4.00, 'shop_61.jpg', 'shop61@example.com', '123456', 'Owner_61', 266, 1, '1763159464', '0000-00-00 00:00:00', 'Sylhet', 'Chittagong', 'Zindabazar', 'Bridge', 'Station', 'Circle 1', '', '', 26.0438, 90.1081),
(62, 'Shop_62', 'Excellent Service 62', 'This is our shop.', 'Female', 5.00, 'shop_62.jpg', 'shop62@example.com', '123456', 'Owner_62', 256, 1, '1782177670', '0000-00-00 00:00:00', 'Khulna', 'Dhaka', 'Sonadanga', 'Station', 'Bridge', 'Circle 1', '', 'Central Park', 25.6258, 88.9085),
(63, 'Shop_63', 'Excellent Service 63', 'This is our shop.', 'Male', 4.00, 'shop_63.jpg', 'shop63@example.com', '123456', 'Owner_63', 179, 1, '1781475650', '0000-00-00 00:00:00', 'Sylhet', 'Barisal', 'Pahartali', 'City Hall', 'Lake View', 'Lake View', '', 'Main Market', 25.8849, 92.0779),
(64, 'Shop_64', 'Excellent Service 64', 'This is our shop.', 'Male', 4.00, 'shop_64.jpg', 'shop64@example.com', '123456', 'Owner_64', 250, 1, '1770818844', '0000-00-00 00:00:00', 'Rangpur', 'Dhaka', 'Gulshan', 'Station', 'Station', 'Lake View', '', '', 26.0136, 88.7613),
(65, 'Shop_65', 'Excellent Service 65', 'This is our shop.', 'Female', 3.00, 'shop_65.jpg', 'shop65@example.com', '123456', 'Owner_65', 194, 1, '1720643019', '0000-00-00 00:00:00', 'Barisal', 'Rangpur', 'Banani', 'Lake View', 'Bridge', 'Central Park', 'Central Park', '', 24.2731, 88.1022),
(66, 'Shop_66', 'Excellent Service 66', 'This is our shop.', 'Female', 4.00, 'shop_66.jpg', 'shop66@example.com', '123456', 'Owner_66', 61, 1, '1746530432', '0000-00-00 00:00:00', 'Rajshahi', 'Khulna', 'Sonadanga', 'Central Park', 'Central Park', 'Station', '', '', 25.0143, 91.4267),
(67, 'Shop_67', 'Excellent Service 67', 'This is our shop.', 'Male', 5.00, 'shop_67.jpg', 'shop67@example.com', '123456', 'Owner_67', 66, 1, '1749680161', '0000-00-00 00:00:00', 'Dhaka', 'Rajshahi', 'Zindabazar', 'Central Park', 'Bridge', 'Central Park', '', 'Lake View', 23.6416, 89.7638),
(68, 'Shop_68', 'Excellent Service 68', 'This is our shop.', 'Female', 5.00, 'shop_68.jpg', 'shop68@example.com', '123456', 'Owner_68', 69, 1, '1711528764', '0000-00-00 00:00:00', 'Barisal', 'Sylhet', 'Banani', 'Main Market', 'Central Park', 'Lake View', '', 'Main Market', 22.0993, 92.4846),
(69, 'Shop_69', 'Excellent Service 69', 'This is our shop.', 'Male', 5.00, 'shop_69.jpg', 'shop69@example.com', '123456', 'Owner_69', 292, 1, '1795432192', '0000-00-00 00:00:00', 'Rajshahi', 'Rangpur', 'Agrabad', 'Lake View', 'City Hall', 'Station', 'City Hall', 'Lake View', 26.2126, 90.0396),
(70, 'Shop_70', 'Excellent Service 70', 'This is our shop.', 'Male', 4.00, 'shop_70.jpg', 'shop70@example.com', '123456', 'Owner_70', 105, 1, '1776561099', '0000-00-00 00:00:00', 'Rangpur', 'Gazipur', 'Dhanmondi', 'Central Park', 'Central Park', 'Central Park', 'Main Market', 'Circle 1', 22.6524, 91.2462),
(71, 'Shop_71', 'Excellent Service 71', 'This is our shop.', 'Male', 4.00, 'shop_71.jpg', 'shop71@example.com', '123456', 'Owner_71', 201, 1, '1710576864', '0000-00-00 00:00:00', 'Rajshahi', 'Cumilla', 'Zindabazar', 'Station', 'Station', 'Lake View', '', 'Circle 1', 26.4009, 91.9531),
(72, 'Shop_72', 'Excellent Service 72', 'This is our shop.', 'Male', 3.00, 'shop_72.jpg', 'shop72@example.com', '123456', 'Owner_72', 76, 1, '1731153661', '0000-00-00 00:00:00', 'Dhaka', 'Cumilla', 'Gulshan', 'Central Park', 'Central Park', 'Central Park', 'Circle 1', '', 24.2065, 89.3773),
(73, 'Shop_73', 'Excellent Service 73', 'This is our shop.', 'Female', 5.00, 'shop_73.jpg', 'shop73@example.com', '123456', 'Owner_73', 277, 1, '1768611206', '0000-00-00 00:00:00', 'Rangpur', 'Gazipur', 'Uttara', 'Bridge', 'City Hall', 'Circle 1', '', '', 22.3163, 89.3991),
(74, 'Shop_74', 'Excellent Service 74', 'This is our shop.', 'Male', 3.00, 'shop_74.jpg', 'shop74@example.com', '123456', 'Owner_74', 288, 1, '1730421900', '0000-00-00 00:00:00', 'Sylhet', 'Rangpur', 'Agrabad', 'Central Park', 'City Hall', 'Station', '', '', 24.9269, 90.8385),
(75, 'Shop_75', 'Excellent Service 75', 'This is our shop.', 'Female', 4.00, 'shop_75.jpg', 'shop75@example.com', '123456', 'Owner_75', 146, 1, '1724774072', '0000-00-00 00:00:00', 'Dhaka', 'Chittagong', 'Mirpur', 'Bridge', 'Station', 'Bridge', 'Circle 1', 'Bridge', 26.4986, 89.0157),
(76, 'Shop_76', 'Excellent Service 76', 'This is our shop.', 'Female', 4.00, 'shop_76.jpg', 'shop76@example.com', '123456', 'Owner_76', 290, 1, '1753665197', '0000-00-00 00:00:00', 'Dhaka', 'Rangpur', 'Zindabazar', 'Main Market', 'Lake View', 'Main Market', 'Bridge', 'Circle 1', 25.5485, 92.0947),
(77, 'Shop_77', 'Excellent Service 77', 'This is our shop.', 'Female', 5.00, 'shop_77.jpg', 'shop77@example.com', '123456', 'Owner_77', 134, 1, '1711192788', '0000-00-00 00:00:00', 'Sylhet', 'Rajshahi', 'Banani', 'Central Park', 'City Hall', 'Station', 'Station', '', 22.0111, 91.6062),
(78, 'Shop_78', 'Excellent Service 78', 'This is our shop.', 'Female', 5.00, 'shop_78.jpg', 'shop78@example.com', '123456', 'Owner_78', 237, 1, '1713681750', '0000-00-00 00:00:00', 'Dhaka', 'Barisal', 'Mirpur', 'Station', 'Bridge', 'Bridge', 'City Hall', '', 24.6408, 89.5338),
(79, 'Shop_79', 'Excellent Service 79', 'This is our shop.', 'Female', 3.00, 'shop_79.jpg', 'shop79@example.com', '123456', 'Owner_79', 222, 1, '1713037946', '0000-00-00 00:00:00', 'Sylhet', 'Chittagong', 'Banani', 'Bridge', 'City Hall', 'Station', 'Main Market', '', 22.7293, 89.4135),
(80, 'Shop_80', 'Excellent Service 80', 'This is our shop.', 'Female', 5.00, 'shop_80.jpg', 'shop80@example.com', '123456', 'Owner_80', 162, 1, '1725855047', '0000-00-00 00:00:00', 'Rangpur', 'Khulna', 'Zindabazar', 'Bridge', 'Station', 'Circle 1', '', '', 22.1827, 92.2554),
(81, 'Shop_81', 'Excellent Service 81', 'This is our shop.', 'Male', 3.00, 'shop_81.jpg', 'shop81@example.com', '123456', 'Owner_81', 230, 1, '1783137039', '0000-00-00 00:00:00', 'Sylhet', 'Khulna', 'Mirpur', 'Bridge', 'City Hall', 'Lake View', 'Station', 'Central Park', 22.3588, 92.4565),
(82, 'Shop_82', 'Excellent Service 82', 'This is our shop.', 'Female', 3.00, 'shop_82.jpg', 'shop82@example.com', '123456', 'Owner_82', 167, 1, '1736036127', '0000-00-00 00:00:00', 'Rangpur', 'Dhaka', 'Gulshan', 'City Hall', 'Lake View', 'City Hall', '', '', 22.1596, 89.6835),
(83, 'Shop_83', 'Excellent Service 83', 'This is our shop.', 'Female', 3.00, 'shop_83.jpg', 'shop83@example.com', '123456', 'Owner_83', 202, 1, '1774405830', '0000-00-00 00:00:00', 'Sylhet', 'Dhaka', 'Banani', 'Central Park', 'City Hall', 'Bridge', 'Bridge', '', 22.8079, 90.5977),
(84, 'Shop_84', 'Excellent Service 84', 'This is our shop.', 'Female', 4.00, 'shop_84.jpg', 'shop84@example.com', '123456', 'Owner_84', 59, 1, '1796533426', '0000-00-00 00:00:00', 'Khulna', 'Barisal', 'Agrabad', 'City Hall', 'Central Park', 'Station', 'Circle 1', 'Circle 1', 21.7638, 88.064),
(85, 'Shop_85', 'Excellent Service 85', 'This is our shop.', 'Female', 3.00, 'shop_85.jpg', 'shop85@example.com', '123456', 'Owner_85', 86, 1, '1767589004', '0000-00-00 00:00:00', 'Chittagong', 'Chittagong', 'Zindabazar', 'Main Market', 'Bridge', 'Lake View', '', '', 25.3189, 88.722),
(86, 'Shop_86', 'Excellent Service 86', 'This is our shop.', 'Female', 3.00, 'shop_86.jpg', 'shop86@example.com', '123456', 'Owner_86', 247, 1, '1744453844', '0000-00-00 00:00:00', 'Barisal', 'Rangpur', 'Agrabad', 'Main Market', 'Lake View', 'Lake View', '', '', 25.1203, 88.1275),
(87, 'Shop_87', 'Excellent Service 87', 'This is our shop.', 'Female', 3.00, 'shop_87.jpg', 'shop87@example.com', '123456', 'Owner_87', 201, 1, '1780366606', '0000-00-00 00:00:00', 'Barisal', 'Rangpur', 'Sonadanga', 'Lake View', 'Central Park', 'Bridge', '', '', 26.0769, 90.9843),
(88, 'Shop_88', 'Excellent Service 88', 'This is our shop.', 'Female', 3.00, 'shop_88.jpg', 'shop88@example.com', '123456', 'Owner_88', 245, 1, '1748374900', '0000-00-00 00:00:00', 'Dhaka', 'Gazipur', 'Gulshan', 'City Hall', 'City Hall', 'Station', '', '', 21.7867, 88.8482),
(89, 'Shop_89', 'Excellent Service 89', 'This is our shop.', 'Female', 3.00, 'shop_89.jpg', 'shop89@example.com', '123456', 'Owner_89', 81, 1, '1725792106', '0000-00-00 00:00:00', 'Rangpur', 'Gazipur', 'Sonadanga', 'Bridge', 'Main Market', 'Bridge', 'Lake View', '', 25.523, 90.2248),
(90, 'Shop_90', 'Excellent Service 90', 'This is our shop.', 'Male', 5.00, 'shop_90.jpg', 'shop90@example.com', '123456', 'Owner_90', 79, 1, '1712567897', '0000-00-00 00:00:00', 'Barisal', 'Barisal', 'Uttara', 'Station', 'City Hall', 'Station', 'Central Park', '', 25.8577, 89.4106),
(91, 'Shop_91', 'Excellent Service 91', 'This is our shop.', 'Male', 5.00, 'shop_91.jpg', 'shop91@example.com', '123456', 'Owner_91', 196, 1, '1724349829', '0000-00-00 00:00:00', 'Rangpur', 'Barisal', 'Pahartali', 'Circle 1', 'Bridge', 'Lake View', 'Bridge', '', 22.1332, 92.2129),
(92, 'Shop_92', 'Excellent Service 92', 'This is our shop.', 'Female', 3.00, 'shop_92.jpg', 'shop92@example.com', '123456', 'Owner_92', 102, 1, '1760637825', '0000-00-00 00:00:00', 'Rajshahi', 'Gazipur', 'Uttara', 'Lake View', 'Main Market', 'Circle 1', 'Station', '', 25.5362, 88.58),
(93, 'Shop_93', 'Excellent Service 93', 'This is our shop.', 'Female', 5.00, 'shop_93.jpg', 'shop93@example.com', '123456', 'Owner_93', 214, 1, '1724127694', '0000-00-00 00:00:00', 'Rangpur', 'Rajshahi', 'Zindabazar', 'Main Market', 'Station', 'Station', 'Bridge', 'Circle 1', 23.9206, 90.7828),
(94, 'Shop_94', 'Excellent Service 94', 'This is our shop.', 'Male', 5.00, 'shop_94.jpg', 'shop94@example.com', '123456', 'Owner_94', 260, 1, '1713179375', '0000-00-00 00:00:00', 'Chittagong', 'Dhaka', 'Sonadanga', 'Bridge', 'Station', 'Station', 'Station', 'Bridge', 22.3708, 91.5324),
(95, 'Shop_95', 'Excellent Service 95', 'This is our shop.', 'Female', 3.00, 'shop_95.jpg', 'shop95@example.com', '123456', 'Owner_95', 146, 1, '1720084415', '0000-00-00 00:00:00', 'Dhaka', 'Narayanganj', 'Banani', 'Circle 1', 'Circle 1', 'Circle 1', '', 'Lake View', 25.7866, 88.4344),
(96, 'Shop_96', 'Excellent Service 96', 'This is our shop.', 'Male', 5.00, 'shop_96.jpg', 'shop96@example.com', '123456', 'Owner_96', 146, 1, '1747172723', '0000-00-00 00:00:00', 'Rangpur', 'Barisal', 'Zindabazar', 'City Hall', 'Circle 1', 'Central Park', 'Main Market', 'Central Park', 23.0843, 91.0204),
(97, 'Shop_97', 'Excellent Service 97', 'This is our shop.', 'Female', 5.00, 'shop_97.jpg', 'shop97@example.com', '123456', 'Owner_97', 141, 1, '1754154659', '0000-00-00 00:00:00', 'Dhaka', 'Sylhet', 'Agrabad', 'Central Park', 'Lake View', 'Lake View', 'Central Park', 'Circle 1', 22.4521, 89.4573),
(98, 'Shop_98', 'Excellent Service 98', 'This is our shop.', 'Female', 3.00, 'shop_98.jpg', 'shop98@example.com', '123456', 'Owner_98', 134, 1, '1744332906', '0000-00-00 00:00:00', 'Barisal', 'Narayanganj', 'Agrabad', 'Lake View', 'Central Park', 'Station', '', '', 25.6173, 91.1884),
(99, 'Shop_99', 'Excellent Service 99', 'This is our shop.', 'Female', 4.00, 'shop_99.jpg', 'shop99@example.com', '123456', 'Owner_99', 227, 1, '1754072861', '0000-00-00 00:00:00', 'Dhaka', 'Chittagong', 'Banani', 'Main Market', 'Main Market', 'Station', '', '', 23.2919, 90.2471),
(100, 'Shop_100', 'Excellent Service 100', 'This is our shop.', 'Female', 4.00, 'shop_100.jpg', 'shop100@example.com', '123456', 'Owner_100', 65, 1, '1742239389', '0000-00-00 00:00:00', 'Rangpur', 'Chittagong', 'Banani', 'Bridge', 'Central Park', 'Circle 1', '', '', 23.2828, 91.7939),
(101, 'Shop_101', 'Excellent Service 101', 'This is our shop.', 'Female', 4.00, 'shop_101.jpg', 'shop101@example.com', '123456', 'Owner_101', 222, 1, '1755863848', '0000-00-00 00:00:00', 'Khulna', 'Khulna', 'Zindabazar', 'Station', 'Station', 'Main Market', '', '', 23.773, 91.2818),
(102, 'Shop_102', 'Excellent Service 102', 'This is our shop.', 'Male', 5.00, 'shop_102.jpg', 'shop102@example.com', '123456', 'Owner_102', 158, 1, '1735422462', '0000-00-00 00:00:00', 'Rajshahi', 'Rangpur', 'Banani', 'Lake View', 'Central Park', 'Central Park', '', '', 22.7189, 90.1299),
(103, 'Shop_103', 'Excellent Service 103', 'This is our shop.', 'Male', 4.00, 'shop_103.jpg', 'shop103@example.com', '123456', 'Owner_103', 153, 1, '1740634612', '0000-00-00 00:00:00', 'Dhaka', 'Rajshahi', 'Zindabazar', 'City Hall', 'Station', 'Lake View', '', '', 24.0189, 88.7062),
(104, 'Shop_104', 'Excellent Service 104', 'This is our shop.', 'Male', 4.00, 'shop_104.jpg', 'shop104@example.com', '123456', 'Owner_104', 161, 1, '1768389017', '0000-00-00 00:00:00', 'Khulna', 'Sylhet', 'Mirpur', 'Circle 1', 'Central Park', 'Lake View', 'Circle 1', 'Circle 1', 23.0194, 91.8513),
(105, 'Shop_105', 'Excellent Service 105', 'This is our shop.', 'Female', 4.00, 'shop_105.jpg', 'shop105@example.com', '123456', 'Owner_105', 247, 1, '1722391241', '0000-00-00 00:00:00', 'Sylhet', 'Narayanganj', 'Dhanmondi', 'Main Market', 'Central Park', 'Lake View', 'Central Park', 'Circle 1', 23.7257, 92.2083),
(106, 'Shop_106', 'Excellent Service 106', 'This is our shop.', 'Female', 5.00, 'shop_106.jpg', 'shop106@example.com', '123456', 'Owner_106', 133, 1, '1797411157', '0000-00-00 00:00:00', 'Chittagong', 'Chittagong', 'Pahartali', 'Circle 1', 'City Hall', 'City Hall', 'Station', 'Circle 1', 24.497, 90.2458),
(107, 'Shop_107', 'Excellent Service 107', 'This is our shop.', 'Male', 5.00, 'shop_107.jpg', 'shop107@example.com', '123456', 'Owner_107', 93, 1, '1783759116', '0000-00-00 00:00:00', 'Barisal', 'Barisal', 'Banani', 'Circle 1', 'Station', 'Lake View', '', '', 24.9365, 88.2844),
(108, 'Shop_108', 'Excellent Service 108', 'This is our shop.', 'Female', 3.00, 'shop_108.jpg', 'shop108@example.com', '123456', 'Owner_108', 186, 1, '1751160398', '0000-00-00 00:00:00', 'Rajshahi', 'Chittagong', 'Zindabazar', 'Central Park', 'City Hall', 'Main Market', 'Central Park', '', 22.3435, 90.9418),
(109, 'Shop_109', 'Excellent Service 109', 'This is our shop.', 'Male', 4.00, 'shop_109.jpg', 'shop109@example.com', '123456', 'Owner_109', 214, 1, '1777956952', '0000-00-00 00:00:00', 'Khulna', 'Rangpur', 'Pahartali', 'City Hall', 'Central Park', 'Circle 1', '', '', 22.1002, 89.4508),
(110, 'Shop_110', 'Excellent Service 110', 'This is our shop.', 'Female', 3.00, 'shop_110.jpg', 'shop110@example.com', '123456', 'Owner_110', 174, 1, '1789813302', '0000-00-00 00:00:00', 'Barisal', 'Rangpur', 'Zindabazar', 'Station', 'Circle 1', 'City Hall', 'Circle 1', 'Lake View', 25.7032, 91.5643),
(111, 'Shop_111', 'Excellent Service 111', 'This is our shop.', 'Male', 4.00, 'shop_111.jpg', 'shop111@example.com', '123456', 'Owner_111', 124, 1, '1797623023', '0000-00-00 00:00:00', 'Sylhet', 'Gazipur', 'Zindabazar', 'Bridge', 'City Hall', 'Central Park', '', '', 22.5045, 91.369),
(112, 'Shop_112', 'Excellent Service 112', 'This is our shop.', 'Female', 3.00, 'shop_112.jpg', 'shop112@example.com', '123456', 'Owner_112', 59, 1, '1734709565', '0000-00-00 00:00:00', 'Sylhet', 'Rajshahi', 'Zindabazar', 'Main Market', 'Circle 1', 'Bridge', 'Lake View', 'Circle 1', 25.6479, 88.5454),
(113, 'Shop_113', 'Excellent Service 113', 'This is our shop.', 'Male', 3.00, 'shop_113.jpg', 'shop113@example.com', '123456', 'Owner_113', 218, 1, '1769202060', '0000-00-00 00:00:00', 'Sylhet', 'Khulna', 'Uttara', 'Lake View', 'Circle 1', 'City Hall', '', 'Lake View', 23.2064, 92.3133),
(114, 'Shop_114', 'Excellent Service 114', 'This is our shop.', 'Female', 5.00, 'shop_114.jpg', 'shop114@example.com', '123456', 'Owner_114', 216, 1, '1713510876', '0000-00-00 00:00:00', 'Rangpur', 'Chittagong', 'Agrabad', 'Lake View', 'Bridge', 'Lake View', 'Central Park', '', 26.4359, 88.2726),
(115, 'Shop_115', 'Excellent Service 115', 'This is our shop.', 'Male', 4.00, 'shop_115.jpg', 'shop115@example.com', '123456', 'Owner_115', 123, 1, '1775396489', '0000-00-00 00:00:00', 'Barisal', 'Cumilla', 'Mirpur', 'Central Park', 'Main Market', 'Station', '', 'Bridge', 22.8531, 91.0345),
(116, 'Shop_116', 'Excellent Service 116', 'This is our shop.', 'Female', 3.00, 'shop_116.jpg', 'shop116@example.com', '123456', 'Owner_116', 175, 1, '1744665311', '0000-00-00 00:00:00', 'Khulna', 'Chittagong', 'Zindabazar', 'Bridge', 'Station', 'Lake View', 'Lake View', '', 25.8433, 89.3169),
(117, 'Shop_117', 'Excellent Service 117', 'This is our shop.', 'Female', 3.00, 'shop_117.jpg', 'shop117@example.com', '123456', 'Owner_117', 124, 1, '1762084946', '0000-00-00 00:00:00', 'Khulna', 'Rangpur', 'Mirpur', 'Station', 'City Hall', 'Circle 1', '', '', 24.9962, 91.4849),
(118, 'Shop_118', 'Excellent Service 118', 'This is our shop.', 'Female', 5.00, 'shop_118.jpg', 'shop118@example.com', '123456', 'Owner_118', 231, 1, '1746537368', '0000-00-00 00:00:00', 'Chittagong', 'Narayanganj', 'Uttara', 'City Hall', 'Bridge', 'Lake View', '', '', 21.8881, 92.0672),
(119, 'Shop_119', 'Excellent Service 119', 'This is our shop.', 'Male', 3.00, 'shop_119.jpg', 'shop119@example.com', '123456', 'Owner_119', 242, 1, '1774841777', '0000-00-00 00:00:00', 'Dhaka', 'Gazipur', 'Gulshan', 'City Hall', 'City Hall', 'Lake View', 'City Hall', '', 25.3762, 92.3645),
(120, 'Shop_120', 'Excellent Service 120', 'This is our shop.', 'Male', 4.00, 'shop_120.jpg', 'shop120@example.com', '123456', 'Owner_120', 119, 1, '1753894052', '0000-00-00 00:00:00', 'Chittagong', 'Chittagong', 'Pahartali', 'Bridge', 'Bridge', 'Central Park', 'City Hall', 'City Hall', 21.5444, 90.3107),
(121, 'My hair expert', 'Wellcome to our shop', '1234', 'male', 3.29, NULL, 'rakib151p@gmail.com', '123456', 'Md Rakibul Islam', 10, 1, '01571046594', '2024-09-25 19:46:14', 'Cumilla', 'Debidwar', 'agargram', '1', '2', '3', '', '', 23.7976, 90.4367),
(122, 'SalonHair', 'Salon_Hair', '', 'male', 0.00, NULL, 'rahadulislamjishan@gmail.com', 'jishan26012002', 'md. Rahadul Islam jishan', 0, 1, '+8801908146326', '2024-10-05 07:52:38', 'Brahmanbaria', 'Brahmanbaria Sadar', 'Birashar', 'birashar', 'gas field', 'fulbaria', '', '', 23.7984, 90.4249),
(123, 'RadientHub', 'this is radienthub BD and this is the official profile of radientHub', 'This is radienthub BD and this is the official profile of radientHub', 'male', 0.00, NULL, 'rakib151q@gmail.com', '123456', 'Rakibul Islam', 0, 1, '01571046594', '2024-10-06 12:44:36', 'Dhaka', 'Natun bazar', 'Nurer chala', 'boro masjid er pase', 'Nurer chala bazar masjid er pase', 'Boro road er opposite e ', '', '', 23.7977, 90.4284);

-- --------------------------------------------------------

--
-- Table structure for table `bookings`
--

CREATE TABLE `bookings` (
  `id` int(11) NOT NULL,
  `date` date NOT NULL,
  `item_id` int(11) NOT NULL,
  `status` varchar(10) DEFAULT 'pending',
  `shop_id` int(11) NOT NULL,
  `customer_id` int(11) NOT NULL,
  `booking_time` time NOT NULL,
  `worker_id` int(11) NOT NULL,
  `when_booked` datetime NOT NULL DEFAULT current_timestamp(),
  `customer_end` int(11) NOT NULL DEFAULT 0,
  `shop_end` int(11) NOT NULL DEFAULT 0
) ENGINE=InnoDB DEFAULT CHARSET=utf8mb4 COLLATE=utf8mb4_general_ci;

--
-- Dumping data for table `bookings`
--

INSERT INTO `bookings` (`id`, `date`, `item_id`, `status`, `shop_id`, `customer_id`, `booking_time`, `worker_id`, `when_booked`, `customer_end`, `shop_end`) VALUES
(1, '2024-09-24', 37, 'completed', 104, 1, '18:00:00', 2, '2024-09-22 01:30:23', 0, 0),
(5, '2024-09-24', 11, 'pending', 104, 1, '01:00:00', 1, '2024-09-22 01:30:23', 1, 0),
(6, '2024-09-24', 11, 'cancelled', 104, 1, '01:00:00', 1, '2024-09-22 01:39:07', 0, 0),
(11, '2024-09-28', 11, 'cancelled', 104, 1, '02:00:00', 1, '2024-09-22 01:41:53', 0, 0),
(12, '2024-09-24', 45, 'pending', 104, 1, '03:00:00', 160, '2024-09-22 02:06:53', 1, 0),
(14, '2024-09-28', 45, 'cancelled', 104, 1, '02:00:00', 27, '2024-09-22 02:15:52', 0, 0),
(15, '2024-09-25', 2, 'pending', 112, 1, '06:00:00', 13, '2024-09-22 12:36:43', 1, 0),
(16, '2024-09-24', 2, 'pending', 112, 1, '03:00:00', 13, '2024-09-22 12:37:15', 1, 0),
(17, '2024-09-22', 34, 'completed', 1, 1, '18:00:00', 2, '2024-09-23 14:08:55', 0, 0),
(18, '2024-09-24', 11, 'pending', 104, 1, '06:00:00', 1, '2024-09-24 09:10:10', 1, 0),
(19, '2024-09-24', 11, 'pending', 104, 1, '06:00:00', 1, '2024-09-24 09:28:56', 1, 0),
(20, '2024-09-24', 11, 'pending', 104, 1, '18:00:00', 1, '2024-09-24 09:30:57', 1, 0),
(21, '2024-09-25', 11, 'pending', 104, 1, '14:00:00', 1, '2024-09-24 09:31:30', 1, 0),
(22, '2024-09-29', 35, 'pending', 22, 1, '09:00:00', 357, '2024-09-26 22:35:57', 1, 0),
(25, '2024-09-27', 35, 'completed', 121, 1, '08:00:00', 369, '2024-09-27 03:49:27', 0, 0),
(26, '2024-09-28', 10, 'completed', 121, 4, '07:00:00', 370, '2024-09-27 19:32:32', 0, 0),
(27, '2024-09-30', 10, 'completed', 121, 1, '09:00:00', 369, '2024-09-28 10:48:24', 0, 1),
(28, '2024-09-30', 35, 'pending', 121, 1, '22:00:00', 370, '2024-09-29 13:59:20', 0, 1),
(29, '2024-09-29', 2, 'completed', 2, 5, '22:00:00', 209, '2024-09-29 23:50:57', 1, 1),
(30, '2024-09-29', 7, 'completed', 2, 5, '08:00:00', 209, '2024-09-29 23:57:42', 1, 1),
(31, '2024-09-30', 51, 'completed', 2, 5, '08:00:00', 283, '2024-09-29 23:58:20', 1, 1),
(32, '2024-10-01', 51, 'cancelled', 2, 5, '17:00:00', 283, '2024-09-29 23:58:42', 0, 0),
(33, '2024-10-02', 51, 'cancelled', 2, 5, '16:00:00', 283, '2024-09-29 23:59:03', 0, 0),
(34, '2024-10-01', 7, 'cancelled', 2, 5, '17:00:00', 209, '2024-09-30 01:26:26', 0, 0),
(35, '2024-10-02', 7, 'pending', 2, 5, '16:00:00', 209, '2024-09-30 23:10:51', 1, 0),
(36, '2024-10-04', 35, 'cancelled', 121, 5, '05:00:00', 369, '2024-10-01 09:08:40', 0, 0),
(37, '2024-10-05', 35, 'completed', 121, 5, '08:00:00', 370, '2024-10-02 15:25:45', 1, 1),
(38, '2024-10-04', 10, 'completed', 121, 5, '01:00:00', 369, '2024-10-02 22:22:05', 1, 1),
(40, '2024-10-03', 10, 'completed', 121, 5, '02:00:00', 369, '2024-10-02 23:21:06', 1, 1),
(43, '2024-10-04', 10, 'completed', 121, 5, '02:00:00', 369, '2024-10-02 23:30:19', 1, 1),
(44, '2024-10-02', 10, 'completed', 121, 5, '03:00:00', 369, '2024-10-02 23:30:36', 1, 1),
(45, '2024-10-02', 10, 'completed', 121, 5, '00:00:00', 369, '2024-10-02 23:30:48', 1, 1),
(46, '2024-10-05', 10, 'completed', 121, 5, '10:00:00', 369, '2024-10-03 00:13:52', 1, 1),
(47, '2024-10-05', 10, 'completed', 121, 5, '00:00:00', 369, '2024-10-03 00:14:19', 1, 1),
(48, '2024-10-05', 10, 'completed', 121, 5, '01:00:00', 369, '2024-10-03 00:19:18', 1, 1),
(49, '2024-10-05', 10, 'completed', 121, 5, '02:00:00', 369, '2024-10-03 00:20:17', 1, 1),
(50, '2024-10-04', 10, 'completed', 121, 5, '03:00:00', 369, '2024-10-03 00:21:09', 1, 1),
(51, '2024-10-04', 10, 'completed', 121, 5, '04:00:00', 369, '2024-10-03 05:35:07', 1, 1),
(52, '2024-10-09', 10, 'cancelled', 121, 5, '08:00:00', 369, '2024-10-03 13:30:04', 0, 0),
(53, '2024-10-04', 10, 'completed', 121, 5, '05:00:00', 369, '2024-10-03 13:41:00', 1, 1),
(54, '2024-10-04', 10, 'completed', 121, 5, '06:00:00', 369, '2024-10-03 13:41:11', 1, 1),
(55, '2024-10-04', 10, 'completed', 121, 5, '07:00:00', 369, '2024-10-03 13:41:20', 1, 1),
(56, '2024-10-04', 35, 'completed', 121, 5, '08:00:00', 370, '2024-10-04 02:14:39', 1, 1),
(57, '2024-10-05', 40, 'completed', 121, 5, '03:00:00', 378, '2024-10-04 02:16:26', 1, 1),
(58, '2024-10-07', 10, 'cancelled', 121, 7, '09:00:00', 371, '2024-10-05 13:38:49', 0, 0),
(59, '2024-10-07', 10, 'pending', 121, 7, '10:00:00', 371, '2024-10-05 13:39:18', 0, 0),
(61, '2024-10-07', 10, 'pending', 121, 7, '11:00:00', 377, '2024-10-05 14:11:58', 0, 0),
(62, '2024-10-10', 10, 'cancelled', 121, 5, '04:00:00', 369, '2024-10-06 00:59:15', 0, 0),
(63, '2024-10-07', 35, 'pending', 121, 5, '09:00:00', 377, '2024-10-06 02:28:03', 0, 0),
(64, '2024-10-06', 4, 'pending', 123, 5, '20:00:00', 380, '2024-10-06 19:14:21', 1, 0),
(65, '2024-10-07', 4, 'pending', 123, 5, '05:00:00', 380, '2024-10-06 19:14:34', 0, 0),
(66, '2024-10-06', 4, 'completed', 123, 5, '19:00:00', 381, '2024-10-06 19:15:36', 1, 1),
(67, '2024-10-07', 10, 'completed', 121, 5, '01:00:00', 369, '2024-10-07 01:18:58', 1, 1),
(68, '2024-10-07', 10, 'pending', 121, 5, '07:00:00', 369, '2024-10-07 01:30:43', 0, 1),
(69, '2024-10-07', 10, 'pending', 121, 5, '07:00:00', 378, '2024-10-07 01:39:31', 1, 0),
(70, '2024-10-07', 35, 'pending', 121, 5, '13:00:00', 369, '2024-10-07 01:39:52', 0, 0),
(71, '2024-10-07', 1, 'pending', 121, 5, '14:00:00', 371, '2024-10-07 01:40:10', 0, 0),
(72, '2024-10-07', 40, 'pending', 121, 5, '13:00:00', 378, '2024-10-07 01:40:26', 1, 0),
(73, '2024-10-07', 10, 'pending', 121, 5, '10:00:00', 378, '2024-10-07 01:40:40', 0, 0),
(74, '2024-10-07', 35, 'pending', 121, 5, '14:00:00', 377, '2024-10-07 01:44:30', 0, 0),
(75, '2024-10-07', 10, 'pending', 121, 5, '10:00:00', 377, '2024-10-07 01:51:56', 0, 0),
(76, '2024-10-07', 10, 'pending', 121, 5, '15:00:00', 377, '2024-10-07 01:52:06', 0, 0),
(77, '2024-10-07', 35, 'pending', 121, 5, '10:00:00', 370, '2024-10-07 01:53:54', 0, 1),
(78, '2024-10-07', 35, 'pending', 121, 5, '13:00:00', 370, '2024-10-07 01:54:04', 0, 0),
(79, '2024-10-07', 35, 'pending', 121, 5, '12:00:00', 370, '2024-10-07 01:54:17', 0, 0),
(80, '2024-10-07', 35, 'pending', 121, 5, '09:00:00', 370, '2024-10-07 01:54:27', 0, 1),
(81, '2024-10-08', 10, 'completed', 121, 5, '09:40:00', 369, '2024-10-07 01:57:44', 1, 1),
(82, '2024-10-08', 10, 'pending', 121, 5, '21:00:00', 369, '2024-10-07 02:23:33', 0, 0),
(83, '2024-10-08', 35, 'cancelled', 121, 5, '21:00:00', 377, '2024-10-07 02:23:52', 0, 0),
(84, '2024-10-07', 35, 'pending', 121, 5, '10:00:00', 369, '2024-10-07 09:46:03', 0, 0),
(85, '2024-10-07', 10, 'pending', 121, 5, '14:00:00', 369, '2024-10-07 12:02:32', 0, 0),
(86, '2024-10-08', 10, 'pending', 121, 5, '15:00:00', 369, '2024-10-08 01:22:26', 0, 0),
(87, '2024-10-08', 35, 'pending', 121, 5, '16:00:00', 369, '2024-10-08 09:47:37', 0, 0),
(88, '2024-10-09', 2, 'cancelled', 123, 5, '13:00:00', 380, '2024-10-08 11:02:10', 0, 0),
(89, '2024-10-10', 35, 'pending', 121, 5, '02:00:00', 369, '2024-10-09 17:43:04', 0, 0),
(90, '2024-10-11', 10, 'cancelled', 121, 5, '01:00:00', 369, '2024-10-09 19:10:42', 0, 0);

-- --------------------------------------------------------

--
-- Table structure for table `customer`
--

CREATE TABLE `customer` (
  `customer_id` int(11) NOT NULL,
  `first_name` varchar(50) NOT NULL,
  `last_name` varchar(50) NOT NULL,
  `mobile_number` varchar(14) NOT NULL,
  `email` varchar(50) NOT NULL,
  `gender` varchar(7) NOT NULL,
  `registration_date` timestamp NOT NULL DEFAULT current_timestamp(),
  `password` varchar(100) NOT NULL,
  `district` varchar(20) NOT NULL,
  `upazilla` varchar(20) NOT NULL,
  `area` varchar(20) NOT NULL,
  `image` varchar(50) DEFAULT NULL,
  `latitude` float NOT NULL,
  `longitude` float NOT NULL,
  `status` int(11) NOT NULL DEFAULT 1,
  `age` int(11) NOT NULL,
  `admin` int(11) NOT NULL DEFAULT 0
) ENGINE=InnoDB DEFAULT CHARSET=utf8mb4 COLLATE=utf8mb4_general_ci;

--
-- Dumping data for table `customer`
--

INSERT INTO `customer` (`customer_id`, `first_name`, `last_name`, `mobile_number`, `email`, `gender`, `registration_date`, `password`, `district`, `upazilla`, `area`, `image`, `latitude`, `longitude`, `status`, `age`, `admin`) VALUES
(1, 'Rakibul', 'Islam', '01571046594', 'rakib151@gmail.com', 'male', '2024-08-20 06:10:45', '1234567', 'Bagerhat', 'Chitalmari', 'agargram', '', 23.7957, 90.4293, 1, 21, 0),
(2, 'Rakibul', 'Islam', '01571046594', 'rakib@gmail.com', 'Male', '2024-08-20 16:32:11', '123456', 'Bagerhat', 'Fakirhat', 'comilla', '', 23.2257, 91.2338, 1, 32, 0),
(3, 'Rakibul', 'Islam', '01571046594', 'rakib151123p@gmail.com', 'Male', '2024-08-20 16:36:08', '123456', 'Bagerhat', 'Fakirhat', 'comilla', NULL, 23.2257, 91.2338, 1, 26, 0),
(4, 'Rakibul', 'Islam', '01571046594', 'rakib151pqwerte@gmail.com', 'Female', '2024-08-21 14:59:03', '123456', 'Bagerhat', 'Chitalmari', 'comilla', NULL, 23.2257, 91.2338, 1, 15, 0),
(5, 'Rakibul', 'Islam', '01794706582', 'rakib151p@gmail.com', 'Male', '2024-09-29 17:43:56', '123456', 'Dhaka', 'Vatara', 'natun bazar', '5.jpg', 23.7984, 90.4249, 1, 0, 0),
(6, 'Md Rakibul ', 'Islam', '01794706582', 'admin@gmail.com', 'male', '2024-10-03 19:32:39', 'admin', 'cumilla', 'debidwar', 'agargram', NULL, 0, 0, 1, 23, 1),
(7, 'MD Rahadul Islam', 'Jishan', '01908146325', 'rahadulislamjishan@gmail.com', 'Male', '2024-10-05 07:37:16', 'jishan26012002', 'Feni', 'Feni Sadar', 'Alinagar ,College Ro', '7.jpg', 23.7957, 90.4293, 1, 0, 0);

-- --------------------------------------------------------

--
-- Table structure for table `customer_notifications`
--

CREATE TABLE `customer_notifications` (
  `id` int(11) NOT NULL,
  `customer_id` int(11) NOT NULL,
  `subject` varchar(100) NOT NULL,
  `message` varchar(100) NOT NULL,
  `date_and_time` timestamp NOT NULL DEFAULT current_timestamp(),
  `status` int(11) NOT NULL DEFAULT 0
) ENGINE=InnoDB DEFAULT CHARSET=utf8mb4 COLLATE=utf8mb4_general_ci;

--
-- Dumping data for table `customer_notifications`
--

INSERT INTO `customer_notifications` (`id`, `customer_id`, `subject`, `message`, `date_and_time`, `status`) VALUES
(1, 5, '5', '1', '2024-10-02 23:21:30', 0),
(3, 5, 'Hi ', 'Thanks for creating account in radienthub', '2024-10-02 23:23:24', 0);

-- --------------------------------------------------------

--
-- Table structure for table `item_table`
--

CREATE TABLE `item_table` (
  `item_id` int(11) NOT NULL,
  `item_name` varchar(100) NOT NULL,
  `item_price` int(11) NOT NULL,
  `item_duration` int(11) NOT NULL,
  `item_gender` tinyint(1) NOT NULL DEFAULT 2,
  `service_id` int(11) NOT NULL,
  `item_description` text DEFAULT NULL
) ENGINE=InnoDB DEFAULT CHARSET=utf8mb4 COLLATE=utf8mb4_general_ci;

--
-- Dumping data for table `item_table`
--

INSERT INTO `item_table` (`item_id`, `item_name`, `item_price`, `item_duration`, `item_gender`, `service_id`, `item_description`) VALUES
(1, 'Nutritional Counseling', 100, 1, 0, 9, NULL),
(2, 'Hair Coloring', 150, 90, 1, 1, NULL),
(3, 'Highlights and Lowlights', 180, 120, 1, 1, NULL),
(4, 'Hair Styling', 120, 60, 2, 1, NULL),
(5, 'Blowouts', 110, 50, 2, 1, NULL),
(6, 'Extensions (Clip-in/ Tape-in/ etc.)', 200, 120, 1, 1, NULL),
(7, 'Hair Treatments (Deep conditioning/ Keratin treatment/ etc.)', 140, 75, 2, 1, NULL),
(8, 'Scalp Treatments', 130, 70, 2, 1, NULL),
(9, 'Perms and Relaxers', 160, 90, 1, 1, NULL),
(10, 'Facials (Regular/ Deep Cleansing/ Anti-aging/ etc.)', 170, 80, 1, 2, NULL),
(11, 'Exfoliation (Chemical peels/ Microdermabrasion/ etc.)', 190, 85, 1, 2, NULL),
(12, 'Facial Masks (Hydrating/ Clay/ Sheet masks/ etc.)', 140, 60, 2, 2, NULL),
(13, 'Facial Massage', 150, 70, 2, 2, NULL),
(14, 'Acne Treatments', 160, 90, 1, 2, NULL),
(15, 'Face and Neck Firming Treatments', 180, 95, 2, 2, NULL),
(16, 'Manicures (Basic/ Spa/ Gel/ Acrylic/ etc.)', 100, 50, 1, 3, NULL),
(17, 'Pedicures (Basic/ Spa/ Gel/ Acrylic/ etc.)', 110, 60, 1, 3, NULL),
(18, 'Nail Art (Designs/ Gems/ Stickers/ etc.)', 120, 70, 1, 3, NULL),
(19, 'Nail Extensions', 130, 75, 1, 3, NULL),
(20, 'Nail Repair and Maintenance', 140, 60, 1, 3, NULL),
(21, 'Cuticle Care', 90, 40, 1, 3, 'abcd'),
(22, 'Massages (Swedish/ Deep Tissue/ Hot Stone/ Aromatherapy/ etc.)', 170, 100, 2, 4, NULL),
(23, 'Body Wraps (Detoxifying/ Hydrating/ etc.)', 180, 95, 2, 4, NULL),
(24, 'Body Scrubs and Exfoliation', 150, 80, 2, 4, NULL),
(25, 'Back Treatments', 160, 85, 2, 4, NULL),
(26, 'Waxing (Eyebrows/ Legs/ Bikini/ Brazilian/ etc.)', 140, 70, 1, 4, NULL),
(27, 'Sugaring', 130, 65, 1, 4, NULL),
(28, 'Laser Hair Removal', 190, 110, 1, 4, NULL),
(29, 'Makeup Application (Everyday/ Bridal/ Special Occasion/ etc.)', 200, 120, 1, 5, NULL),
(30, 'Makeup Lessons', 180, 95, 1, 5, NULL),
(31, 'Eyelash Extensions', 160, 90, 1, 5, NULL),
(32, 'Eyebrow Shaping (Waxing/ Threading/ Tweezing)', 140, 70, 1, 5, NULL),
(33, 'Eyelash Tinting and Perming', 150, 75, 1, 5, NULL),
(34, 'Airbrush Makeup', 190, 110, 1, 5, NULL),
(35, 'Sauna', 120, 60, 2, 6, NULL),
(36, 'Steam Room', 130, 65, 2, 6, NULL),
(37, 'Hydrotherapy (Whirlpool/ Jacuzzi)', 140, 70, 2, 6, NULL),
(38, 'Aromatherapy', 150, 75, 2, 6, NULL),
(39, 'Reflexology', 160, 80, 2, 6, NULL),
(40, 'Mud Baths', 170, 85, 2, 6, NULL),
(41, 'Teeth Whitening', 200, 120, 2, 7, NULL),
(42, 'Ear Piercing', 100, 50, 2, 7, NULL),
(43, 'Tattoo Services (Consultations/ Design/ Removal)', 180, 95, 2, 7, NULL),
(44, 'Scalp Micropigmentation', 190, 110, 2, 7, NULL),
(45, 'Permanent Makeup (Eyebrows/ Lips/ etc.)', 160, 90, 2, 7, NULL),
(46, 'Medical Aesthetic Procedures (Botox/ Fillers/ etc.)', 220, 130, 2, 7, NULL),
(47, 'Shaving (Straight Razor/ Electric Razor)', 90, 40, 0, 8, NULL),
(48, 'Beard Trims and Grooming', 100, 50, 0, 8, NULL),
(49, 'Mustache Trims', 80, 35, 0, 8, NULL),
(50, 'Facial Hair Coloring', 110, 55, 0, 8, NULL),
(51, 'Scalp Treatments for Men', 130, 65, 0, 8, NULL),
(52, 'Hair Care Products (Shampoo/ Conditioner/ Styling Products)', 40, 20, 2, 9, NULL),
(53, 'Skin Care Products', 50, 25, 2, 9, NULL),
(54, 'Nail Care Products', 60, 30, 2, 9, NULL),
(55, 'Makeup Products', 70, 35, 2, 9, NULL),
(56, 'Beauty Tools (Hair Dryers/ Straighteners/ Curling Irons)', 80, 40, 2, 9, NULL),
(57, 'Hair Accessories', 30, 15, 2, 9, NULL),
(58, 'Nutritional Counseling', 100, 50, 2, 10, NULL),
(59, 'Fitness Training', 120, 60, 2, 10, NULL),
(60, 'Yoga and Meditation Classes', 80, 40, 2, 10, NULL),
(61, 'Holistic Therapies (Reiki/ Crystal Healing)', 110, 55, 2, 10, NULL),
(62, 'Beauty Workshops and Seminars', 150, 75, 2, 11, NULL),
(63, 'Makeup and Hair Styling Courses', 200, 100, 2, 11, NULL),
(64, 'Skin Care Consultations', 130, 65, 2, 11, NULL);

-- --------------------------------------------------------

--
-- Table structure for table `message_table`
--

CREATE TABLE `message_table` (
  `message_id` int(11) NOT NULL,
  `shop_id` int(11) NOT NULL,
  `customer_id` int(11) NOT NULL,
  `message` varchar(500) NOT NULL,
  `date_and_time` timestamp NOT NULL DEFAULT current_timestamp(),
  `status` int(11) NOT NULL DEFAULT 0,
  `customer_status` int(11) NOT NULL DEFAULT 0,
  `from_whom` varchar(10) NOT NULL
) ENGINE=InnoDB DEFAULT CHARSET=utf8mb4 COLLATE=utf8mb4_general_ci;

--
-- Dumping data for table `message_table`
--

INSERT INTO `message_table` (`message_id`, `shop_id`, `customer_id`, `message`, `date_and_time`, `status`, `customer_status`, `from_whom`) VALUES
(1, 121, 5, 'It is for tesing purpose.', '2024-10-02 20:48:24', 1, 1, 'customer'),
(2, 121, 5, 'It is for tesing purpose.', '2024-10-02 20:50:21', 1, 1, 'customer'),
(3, 121, 5, 'It is for tesing purpose.', '2024-10-02 20:51:18', 1, 1, 'customer'),
(7, 121, 5, 'Hope you will work', '2024-10-02 20:54:42', 1, 1, 'customer'),
(8, 121, 5, 'hi', '2024-10-02 21:57:57', 1, 1, 'shop'),
(9, 121, 5, 'hi', '2024-10-02 21:58:32', 1, 1, 'shop'),
(10, 121, 5, 'rvgjer0ikpo', '2024-10-02 21:58:34', 1, 1, 'shop'),
(11, 121, 5, 'ejgoejmgoperk', '2024-10-02 21:58:36', 1, 1, 'shop'),
(12, 121, 5, 'ergjerjmgvop', '2024-10-02 21:58:38', 1, 1, 'shop'),
(13, 121, 5, 'bgdegv', '2024-10-02 21:58:42', 1, 1, 'shop'),
(14, 121, 5, 'hi', '2024-10-02 22:03:11', 1, 1, 'shop'),
(20, 121, 5, 'hi', '2024-10-02 22:24:21', 1, 1, 'shop'),
(21, 121, 5, 'hi', '2024-10-02 22:25:28', 1, 1, 'shop'),
(22, 121, 5, 'Thank you', '2024-10-02 22:26:07', 1, 1, 'shop'),
(23, 121, 1, 'Hi my hair saloon how are you all thanks for your service', '2024-10-02 22:27:01', 1, 0, 'customer'),
(24, 121, 1, 'Thank you', '2024-10-02 22:27:35', 1, 0, 'shop'),
(25, 121, 5, 'are you there', '2024-10-02 22:42:35', 1, 1, 'customer'),
(26, 121, 1, 'Thank you', '2024-10-03 07:43:51', 1, 0, 'shop'),
(27, 25, 5, 'It is for tesing purpose.', '2024-10-03 16:48:03', 0, 1, 'customer'),
(28, 1, 5, 'hii', '2024-10-03 17:02:37', 0, 1, 'customer'),
(29, 1, 5, 'ghjhj', '2024-10-03 17:02:42', 0, 1, 'customer'),
(30, 1, 5, 'hvfhgbvfn', '2024-10-03 17:02:46', 0, 1, 'customer'),
(31, 1, 5, 'hi', '2024-10-03 17:07:06', 0, 1, 'customer'),
(32, 1, 5, 'hi elegense', '2024-10-03 17:09:00', 0, 1, 'customer'),
(33, 1, 5, 'Hi elegence', '2024-10-03 17:09:09', 0, 1, 'customer'),
(34, 1, 5, 'Thats last check bro', '2024-10-03 17:21:29', 0, 1, 'customer'),
(35, 1, 5, 'hii', '2024-10-03 18:01:10', 0, 1, 'customer'),
(36, 121, 5, 'hi', '2024-10-03 18:02:59', 1, 1, 'customer'),
(37, 121, 5, 'hi', '2024-10-03 18:04:04', 1, 1, 'customer'),
(38, 121, 5, 'hi', '2024-10-03 18:05:38', 1, 1, 'customer'),
(39, 121, 5, 'hi', '2024-10-03 18:07:02', 1, 1, 'customer'),
(40, 121, 5, 'hi', '2024-10-03 18:08:05', 1, 1, 'customer'),
(41, 25, 5, 'hi', '2024-10-03 18:28:44', 0, 1, 'customer'),
(42, 25, 5, 'hii', '2024-10-03 18:30:11', 0, 1, '0customer'),
(43, 121, 5, 'hiii', '2024-10-03 18:34:01', 1, 1, 'customer'),
(44, 121, 5, 'hello', '2024-10-03 18:34:47', 1, 1, 'customer'),
(45, 121, 5, 'hi', '2024-10-03 18:37:56', 1, 1, 'customer'),
(46, 121, 5, 'hi', '2024-10-03 18:40:49', 1, 1, 'customer'),
(47, 25, 5, 'Hiii.thats last time please work properly', '2024-10-03 18:43:14', 0, 1, 'customer'),
(48, 25, 5, 'good day ,Alhamdulillah', '2024-10-03 18:47:07', 0, 1, 'customer'),
(49, 121, 1, 'Thank you', '2024-10-03 19:09:47', 1, 0, 'shop'),
(50, 121, 5, 'Thank you', '2024-10-03 19:20:44', 1, 1, 'shop'),
(51, 121, 1, 'Thanks for reaching out us.', '2024-10-03 19:21:07', 1, 0, 'shop'),
(52, 121, 7, 'HI, I need Help?', '2024-10-05 07:44:22', 1, 0, 'customer'),
(53, 121, 7, 'okkey, what can i do for you??', '2024-10-05 07:56:52', 1, 0, 'shop'),
(54, 121, 7, 'i want to cut my hair', '2024-10-05 08:15:59', 1, 0, 'customer'),
(55, 121, 7, 'please help me to choose best barbar', '2024-10-05 08:17:54', 1, 0, 'customer'),
(56, 121, 7, 'helloo again', '2024-10-05 08:39:12', 1, 0, 'customer'),
(57, 121, 7, 'hi', '2024-10-05 09:28:54', 1, 0, 'customer'),
(58, 121, 7, 'Thanks for reaching out us.', '2024-10-05 21:09:13', 1, 0, 'shop'),
(59, 121, 1, 'are you there?', '2024-10-06 15:59:39', 1, 0, 'shop'),
(60, 121, 5, 'are you there?', '2024-10-06 15:59:53', 1, 1, 'shop'),
(61, 121, 5, 'yeah i am thanks for reaching me', '2024-10-06 16:02:36', 1, 1, 'customer'),
(62, 121, 5, 'again for test', '2024-10-06 16:03:57', 1, 1, 'customer'),
(63, 1, 5, 'hi', '2024-10-06 18:31:07', 0, 1, 'customer'),
(64, 121, 5, 'Lets check for last time', '2024-10-06 18:51:02', 1, 1, 'customer'),
(65, 5, 5, 'hey shop_5 are you alive?? are you working?', '2024-10-06 18:53:20', 0, 1, 'customer'),
(66, 121, 5, 'Thanks for reaching out us.', '2024-10-07 03:49:18', 1, 1, 'shop'),
(67, 121, 5, 'rtrrhr', '2024-10-07 06:04:48', 1, 1, 'customer'),
(68, 121, 5, 'hgzhsg', '2024-10-07 06:05:10', 1, 1, 'customer'),
(69, 33, 5, 'How do you work?', '2024-10-07 19:15:59', 0, 1, 'customer'),
(70, 121, 5, 'Thank you', '2024-10-07 19:24:44', 1, 1, 'shop'),
(71, 121, 5, 'hi', '2024-10-08 03:46:53', 1, 1, 'customer'),
(72, 123, 5, '4rdct', '2024-10-08 05:03:11', 0, 1, 'customer'),
(73, 123, 5, 'tvtv', '2024-10-08 05:03:29', 0, 1, 'customer'),
(74, 121, 5, 'Thanks for reaching out us.', '2024-10-09 13:17:40', 0, 0, 'shop'),
(75, 121, 5, 'hi', '2024-10-09 13:20:00', 0, 1, 'customer');

-- --------------------------------------------------------

--
-- Table structure for table `notifications_by_admin`
--

CREATE TABLE `notifications_by_admin` (
  `notification_id` int(11) NOT NULL,
  `shop_id` int(11) NOT NULL,
  `message` varchar(500) NOT NULL,
  `date_time` datetime NOT NULL DEFAULT current_timestamp(),
  `subject` varchar(50) NOT NULL,
  `status` int(11) NOT NULL DEFAULT 0
) ENGINE=InnoDB DEFAULT CHARSET=utf8mb4 COLLATE=utf8mb4_general_ci;

--
-- Dumping data for table `notifications_by_admin`
--

INSERT INTO `notifications_by_admin` (`notification_id`, `shop_id`, `message`, `date_time`, `subject`, `status`) VALUES
(1, 121, 'Hello guys', '2024-09-27 23:41:01', 'Thanks for choosing our platform', 1),
(2, 121, 'Hello guys how are you,', '2024-09-27 23:41:46', 'thanks for choosing us.', 1),
(3, 104, 'Hey man', '2024-09-28 00:04:37', 'Thanks for choosing our platform', 1),
(4, 2, 'Hello guys ', '2024-09-28 00:05:03', 'hi', 1),
(5, 2, 'You have a new booking for Hair Treatments (Deep conditioning/ Keratin treatment/ etc.) in 2024-10-02 in 16:00', '2024-09-30 23:10:51', 'New booking', 1),
(6, 121, 'You have a new booking for Sauna in 2024-10-04 in 05:00', '2024-10-01 09:08:40', 'New booking', 1),
(7, 121, 'You have a new booking for Sauna in 2024-10-05 in 08:00', '2024-10-02 15:25:45', 'New booking', 1),
(8, 121, 'You have a new booking for Facials (Regular/ Deep Cleansing/ Anti-aging/ etc.) in 2024-10-04 in 01:00', '2024-10-02 22:22:05', 'New booking', 1),
(9, 121, 'You have a new booking for Facials (Regular/ Deep Cleansing/ Anti-aging/ etc.) on 2024-10-05 at 00:00', '2024-10-02 22:32:11', 'New booking', 1),
(10, 121, 'You have a new booking for Facials (Regular/ Deep Cleansing/ Anti-aging/ etc.) on 2024-10-03 at 02:00', '2024-10-02 23:21:06', 'New booking', 1),
(11, 121, 'You have a new booking for Facials (Regular/ Deep Cleansing/ Anti-aging/ etc.) on 2024-10-03 at 02:00', '2024-10-02 23:25:33', 'New booking', 1),
(12, 121, 'You have a new booking for Facials (Regular/ Deep Cleansing/ Anti-aging/ etc.) on 2024-10-03 at 02:00', '2024-10-02 23:28:38', 'New booking', 1),
(13, 121, 'You have a new booking for Facials (Regular/ Deep Cleansing/ Anti-aging/ etc.) on 2024-10-04 at 02:00', '2024-10-02 23:30:19', 'New booking', 1),
(14, 121, 'You have a new booking for Facials (Regular/ Deep Cleansing/ Anti-aging/ etc.) on 2024-10-04 at 03:00', '2024-10-02 23:30:36', 'New booking', 1),
(15, 121, 'You have a new booking for Facials (Regular/ Deep Cleansing/ Anti-aging/ etc.) on 2024-10-05 at 00:00', '2024-10-02 23:30:48', 'New booking', 1),
(16, 121, 'You have a new booking for Facials (Regular/ Deep Cleansing/ Anti-aging/ etc.) on 2024-10-05 at 10:00', '2024-10-03 00:13:52', 'New booking', 1),
(17, 121, 'You have a new booking for Facials (Regular/ Deep Cleansing/ Anti-aging/ etc.) on 2024-10-05 at 00:00', '2024-10-03 00:14:19', 'New booking', 1),
(18, 121, 'You have a new booking for Facials (Regular/ Deep Cleansing/ Anti-aging/ etc.) on 2024-10-05 at 01:00', '2024-10-03 00:19:18', 'New booking', 1),
(19, 121, 'You have a new booking for Facials (Regular/ Deep Cleansing/ Anti-aging/ etc.) on 2024-10-05 at 02:00', '2024-10-03 00:20:17', 'New booking', 1),
(20, 121, 'You have a new booking for Facials (Regular/ Deep Cleansing/ Anti-aging/ etc.) on 2024-10-04 at 03:00', '2024-10-03 00:21:09', 'New booking', 1),
(21, 121, 'You have a new booking for Facials (Regular/ Deep Cleansing/ Anti-aging/ etc.) on 2024-10-04 at 04:00', '2024-10-03 05:35:07', 'New booking', 1),
(22, 121, 'You have a new booking for Facials (Regular/ Deep Cleansing/ Anti-aging/ etc.) on 2024-10-09 at 08:00', '2024-10-03 13:30:04', 'New booking', 1),
(23, 121, 'You have a new booking for Facials (Regular/ Deep Cleansing/ Anti-aging/ etc.) on 2024-10-04 at 05:00', '2024-10-03 13:41:00', 'New booking', 1),
(24, 121, 'You have a new booking for Facials (Regular/ Deep Cleansing/ Anti-aging/ etc.) on 2024-10-04 at 06:00', '2024-10-03 13:41:11', 'New booking', 1),
(25, 121, 'You have a new booking for Facials (Regular/ Deep Cleansing/ Anti-aging/ etc.) on 2024-10-04 at 07:00', '2024-10-03 13:41:20', 'New booking', 1),
(26, 121, 'You have a new booking for Sauna on 2024-10-04 at 08:00', '2024-10-04 02:14:39', 'New booking', 1),
(27, 121, 'You have a new booking for Mud Baths on 2024-10-05 at 03:00', '2024-10-04 02:16:26', 'New booking', 1),
(28, 121, 'You have a new booking for Facials (Regular/ Deep Cleansing/ Anti-aging/ etc.) on 2024-10-07 at 09:00', '2024-10-05 13:38:49', 'New booking', 1),
(29, 121, 'You have a new booking for Facials (Regular/ Deep Cleansing/ Anti-aging/ etc.) on 2024-10-07 at 10:00', '2024-10-05 13:39:18', 'New booking', 1),
(30, 121, 'You have a new booking for Sauna on 2024-10-07 at 09:00', '2024-10-05 14:10:49', 'New booking', 1),
(31, 121, 'You have a new booking for Facials (Regular/ Deep Cleansing/ Anti-aging/ etc.) on 2024-10-07 at 11:00', '2024-10-05 14:11:58', 'New booking', 1),
(32, 121, 'You have a new booking for Facials (Regular/ Deep Cleansing/ Anti-aging/ etc.) on 2024-10-10 at 04:00', '2024-10-06 00:59:15', 'New booking', 1),
(33, 121, 'You have a new booking for Sauna on 2024-10-07 at 09:00', '2024-10-06 02:28:03', 'New booking', 1),
(34, 123, 'You have a new booking for Hair Styling on 2024-10-06 at 20:00', '2024-10-06 19:14:21', 'New booking', 1),
(35, 123, 'You have a new booking for Hair Styling on 2024-10-07 at 05:00', '2024-10-06 19:14:34', 'New booking', 1),
(36, 123, 'You have a new booking for Hair Styling on 2024-10-06 at 20:00', '2024-10-06 19:15:36', 'New booking', 1),
(37, 121, 'You have a new booking for Facials (Regular/ Deep Cleansing/ Anti-aging/ etc.) on 2024-10-07 at 09:00', '2024-10-07 01:18:58', 'New booking', 1),
(38, 121, 'You have a new booking for Facials (Regular/ Deep Cleansing/ Anti-aging/ etc.) on 2024-10-07 at 07:00', '2024-10-07 01:30:43', 'New booking', 1),
(39, 121, 'You have a new booking for Facials (Regular/ Deep Cleansing/ Anti-aging/ etc.) on 2024-10-07 at 07:00', '2024-10-07 01:39:31', 'New booking', 1),
(40, 121, 'You have a new booking for Sauna on 2024-10-07 at 13:00', '2024-10-07 01:39:52', 'New booking', 1),
(41, 121, 'You have a new booking for Nutritional Counseling on 2024-10-07 at 14:00', '2024-10-07 01:40:10', 'New booking', 1),
(42, 121, 'You have a new booking for Mud Baths on 2024-10-07 at 13:00', '2024-10-07 01:40:26', 'New booking', 1),
(43, 121, 'You have a new booking for Facials (Regular/ Deep Cleansing/ Anti-aging/ etc.) on 2024-10-07 at 10:00', '2024-10-07 01:40:40', 'New booking', 1),
(44, 121, 'You have a new booking for Sauna on 2024-10-07 at 14:00', '2024-10-07 01:44:30', 'New booking', 1),
(45, 121, 'You have a new booking for Facials (Regular/ Deep Cleansing/ Anti-aging/ etc.) on 2024-10-07 at 10:00', '2024-10-07 01:51:56', 'New booking', 1),
(46, 121, 'You have a new booking for Facials (Regular/ Deep Cleansing/ Anti-aging/ etc.) on 2024-10-07 at 15:00', '2024-10-07 01:52:06', 'New booking', 1),
(47, 121, 'You have a new booking for Sauna on 2024-10-07 at 10:00', '2024-10-07 01:53:54', 'New booking', 1),
(48, 121, 'You have a new booking for Sauna on 2024-10-07 at 13:00', '2024-10-07 01:54:04', 'New booking', 1),
(49, 121, 'You have a new booking for Sauna on 2024-10-07 at 12:00', '2024-10-07 01:54:17', 'New booking', 1),
(50, 121, 'You have a new booking for Sauna on 2024-10-07 at 09:00', '2024-10-07 01:54:27', 'New booking', 1),
(51, 121, 'You have a new booking for Facials (Regular/ Deep Cleansing/ Anti-aging/ etc.) on 2024-10-07 at 02:00', '2024-10-07 01:57:44', 'New booking', 1),
(52, 121, 'You have a new booking for Facials (Regular/ Deep Cleansing/ Anti-aging/ etc.) on 2024-10-08 at 21:00', '2024-10-07 02:23:33', 'New booking', 1),
(53, 121, 'You have a new booking for Sauna on 2024-10-08 at 21:00', '2024-10-07 02:23:52', 'New booking', 1),
(54, 121, 'You have a new booking for Sauna on 2024-10-07 at 10:00', '2024-10-07 09:46:03', 'New booking', 1),
(55, 121, 'You have a new booking for Facials (Regular/ Deep Cleansing/ Anti-aging/ etc.) on 2024-10-07 at 14:00', '2024-10-07 12:02:32', 'New booking', 1),
(56, 121, 'You have a new booking for Facials (Regular/ Deep Cleansing/ Anti-aging/ etc.) on 2024-10-08 at 15:00', '2024-10-08 01:22:26', 'New booking', 1),
(57, 121, 'You have a new booking for Sauna on 2024-10-08 at 16:00', '2024-10-08 09:47:37', 'New booking', 1),
(58, 123, 'You have a new booking for Hair Coloring on 2024-10-09 at 13:00', '2024-10-08 11:02:10', 'New booking', 0),
(59, 121, 'You have a new booking for Sauna on 2024-10-10 at 02:00', '2024-10-09 17:43:04', 'New booking', 1),
(60, 121, 'You have a new booking for Facials (Regular/ Deep Cleansing/ Anti-aging/ etc.) on 2024-10-11 at 01:00', '2024-10-09 19:10:42', 'New booking', 1);

-- --------------------------------------------------------

--
-- Table structure for table `recent_log`
--

CREATE TABLE `recent_log` (
  `log_id` int(11) NOT NULL,
  `customer_id` int(11) NOT NULL,
  `shop_id` int(11) NOT NULL,
  `logged_time` timestamp NOT NULL DEFAULT current_timestamp()
) ENGINE=InnoDB DEFAULT CHARSET=utf8mb4 COLLATE=utf8mb4_general_ci;

--
-- Dumping data for table `recent_log`
--

INSERT INTO `recent_log` (`log_id`, `customer_id`, `shop_id`, `logged_time`) VALUES
(1, 1, 2, '2024-09-25 19:03:19'),
(2, 1, 69, '2024-09-25 19:03:23'),
(3, 1, 74, '2024-09-25 19:03:30'),
(4, 1, 2, '2024-09-25 19:03:35'),
(5, 1, 74, '2024-09-25 19:03:38'),
(6, 1, 2, '2024-09-25 19:03:46'),
(7, 1, 2, '2024-09-25 19:07:35'),
(8, 1, 2, '2024-09-25 19:07:39'),
(9, 1, 2, '2024-09-25 19:15:33'),
(10, 1, 2, '2024-09-25 19:15:35'),
(11, 1, 2, '2024-09-25 19:18:32'),
(12, 1, 2, '2024-09-25 19:18:34'),
(13, 1, 2, '2024-09-25 19:18:43'),
(14, 1, 2, '2024-09-25 19:19:47'),
(15, 1, 2, '2024-09-25 19:20:56'),
(16, 1, 2, '2024-09-25 19:23:31'),
(17, 1, 2, '2024-09-25 19:23:41'),
(18, 1, 2, '2024-09-25 19:26:37'),
(19, 1, 2, '2024-09-25 19:26:40'),
(20, 1, 2, '2024-09-25 19:26:48'),
(21, 1, 2, '2024-09-25 19:27:45'),
(22, 1, 22, '2024-09-25 19:28:05'),
(23, 1, 2, '2024-09-25 19:31:09'),
(24, 1, 2, '2024-09-25 19:38:45'),
(25, 1, 2, '2024-09-25 19:39:15'),
(26, 1, 24, '2024-09-26 16:08:56'),
(27, 1, 24, '2024-09-26 16:09:11'),
(28, 1, 22, '2024-09-26 16:35:31'),
(29, 1, 24, '2024-09-26 20:07:47'),
(30, 1, 24, '2024-09-26 20:09:33'),
(31, 1, 24, '2024-09-26 20:14:48'),
(32, 1, 24, '2024-09-26 20:15:42'),
(33, 1, 24, '2024-09-26 20:15:43'),
(34, 1, 24, '2024-09-26 20:16:00'),
(35, 1, 24, '2024-09-26 20:17:58'),
(36, 1, 24, '2024-09-26 20:18:05'),
(37, 1, 24, '2024-09-26 20:20:38'),
(38, 1, 24, '2024-09-26 20:20:41'),
(39, 1, 24, '2024-09-26 20:20:54'),
(40, 1, 24, '2024-09-26 20:23:24'),
(41, 1, 24, '2024-09-26 20:23:50'),
(42, 1, 2, '2024-09-27 14:04:58'),
(43, 1, 2, '2024-09-27 14:05:23'),
(44, 1, 2, '2024-09-27 14:05:33'),
(45, 1, 2, '2024-09-27 14:05:37'),
(46, 1, 2, '2024-09-27 14:05:41'),
(47, 1, 2, '2024-09-27 14:08:30'),
(48, 1, 2, '2024-09-27 14:12:21'),
(49, 1, 2, '2024-09-27 14:12:39'),
(50, 1, 2, '2024-09-27 14:15:50'),
(51, 1, 2, '2024-09-27 14:16:14'),
(52, 1, 2, '2024-09-27 14:16:30'),
(53, 1, 2, '2024-09-27 14:16:37'),
(54, 1, 2, '2024-09-27 14:19:59'),
(55, 1, 2, '2024-09-27 14:20:26'),
(56, 1, 2, '2024-09-27 14:21:27'),
(57, 1, 2, '2024-09-27 14:21:55'),
(58, 1, 2, '2024-09-27 14:22:36'),
(59, 1, 74, '2024-09-28 04:44:48'),
(60, 1, 3, '2024-09-28 04:45:30'),
(61, 1, 3, '2024-09-28 04:46:11'),
(62, 1, 2, '2024-09-28 04:46:16'),
(63, 1, 104, '2024-09-28 04:46:20'),
(64, 1, 121, '2024-09-28 04:46:21'),
(65, 1, 24, '2024-09-29 07:58:32'),
(66, 1, 24, '2024-09-29 07:58:39'),
(67, 1, 24, '2024-09-29 07:58:45'),
(68, 1, 104, '2024-09-29 07:58:48'),
(69, 1, 121, '2024-09-29 07:58:49'),
(70, 5, 2, '2024-09-29 17:50:41'),
(71, 5, 2, '2024-09-29 17:55:38'),
(72, 5, 2, '2024-09-29 17:55:59'),
(73, 5, 2, '2024-09-29 17:56:11'),
(74, 5, 2, '2024-09-29 17:56:20'),
(75, 5, 2, '2024-09-29 17:56:45'),
(76, 5, 2, '2024-09-29 17:57:01'),
(77, 5, 2, '2024-09-29 17:57:46'),
(78, 5, 2, '2024-09-29 17:58:12'),
(79, 5, 2, '2024-09-29 17:58:23'),
(80, 5, 2, '2024-09-29 17:58:27'),
(81, 5, 2, '2024-09-29 17:58:30'),
(82, 5, 2, '2024-09-29 17:58:46'),
(83, 5, 2, '2024-09-29 17:58:50'),
(84, 5, 2, '2024-09-29 17:58:53'),
(85, 5, 2, '2024-09-29 19:26:16'),
(86, 5, 2, '2024-09-30 04:51:11'),
(87, 5, 2, '2024-09-30 17:10:31'),
(88, 5, 24, '2024-09-30 19:47:32'),
(89, 5, 74, '2024-09-30 19:58:38'),
(90, 5, 74, '2024-09-30 19:58:42'),
(91, 5, 74, '2024-09-30 19:58:48'),
(92, 5, 5, '2024-09-30 20:00:24'),
(93, 5, 38, '2024-09-30 20:01:05'),
(94, 5, 63, '2024-09-30 20:01:19'),
(95, 5, 67, '2024-09-30 20:01:46'),
(96, 5, 67, '2024-09-30 20:01:51'),
(97, 5, 13, '2024-09-30 20:03:33'),
(98, 5, 13, '2024-09-30 20:03:39'),
(99, 5, 113, '2024-09-30 20:04:15'),
(100, 5, 113, '2024-09-30 20:04:35'),
(101, 5, 5, '2024-09-30 20:04:39'),
(102, 5, 13, '2024-09-30 20:15:15'),
(103, 1, 22, '2024-10-01 03:01:09'),
(104, 1, 22, '2024-10-01 03:01:16'),
(105, 1, 22, '2024-10-01 03:01:30'),
(106, 5, 3, '2024-10-01 03:07:46'),
(107, 5, 46, '2024-10-01 03:07:52'),
(108, 5, 121, '2024-10-01 03:08:00'),
(109, 5, 121, '2024-10-01 03:08:11'),
(110, 5, 121, '2024-10-01 03:31:59'),
(111, 5, 121, '2024-10-01 03:32:17'),
(112, 5, 13, '2024-10-01 09:20:42'),
(113, 5, 13, '2024-10-01 09:20:50'),
(114, 5, 121, '2024-10-01 09:20:55'),
(115, 5, 26, '2024-10-01 09:59:46'),
(116, 5, 25, '2024-10-01 10:04:14'),
(117, 5, 22, '2024-10-02 09:24:06'),
(118, 5, 22, '2024-10-02 09:24:17'),
(119, 5, 121, '2024-10-02 09:24:31'),
(120, 5, 121, '2024-10-02 09:26:39'),
(121, 5, 22, '2024-10-02 09:26:40'),
(122, 5, 22, '2024-10-02 09:26:49'),
(123, 5, 22, '2024-10-02 09:26:58'),
(124, 5, 22, '2024-10-02 09:27:04'),
(125, 5, 25, '2024-10-02 09:30:13'),
(126, 5, 25, '2024-10-02 16:21:45'),
(127, 5, 25, '2024-10-02 16:21:49'),
(128, 5, 121, '2024-10-02 16:21:53'),
(129, 5, 121, '2024-10-02 16:34:12'),
(130, 5, 121, '2024-10-02 17:32:25'),
(131, 5, 121, '2024-10-02 18:12:41'),
(132, 5, 25, '2024-10-02 18:21:24'),
(133, 5, 25, '2024-10-02 18:22:24'),
(134, 5, 121, '2024-10-02 18:22:39'),
(135, 5, 121, '2024-10-02 18:22:54'),
(136, 5, 121, '2024-10-02 18:24:11'),
(137, 5, 121, '2024-10-02 18:24:22'),
(138, 5, 121, '2024-10-02 18:26:51'),
(139, 5, 121, '2024-10-02 18:41:39'),
(140, 5, 121, '2024-10-02 18:41:59'),
(141, 5, 121, '2024-10-02 18:48:56'),
(142, 5, 121, '2024-10-02 18:50:42'),
(143, 5, 121, '2024-10-02 18:55:46'),
(144, 5, 121, '2024-10-02 18:57:51'),
(145, 5, 121, '2024-10-02 18:59:21'),
(146, 5, 121, '2024-10-02 19:01:40'),
(147, 5, 121, '2024-10-02 19:01:56'),
(148, 5, 121, '2024-10-02 19:02:58'),
(149, 5, 121, '2024-10-02 19:03:30'),
(150, 5, 121, '2024-10-02 19:05:06'),
(151, 5, 121, '2024-10-02 19:05:27'),
(152, 5, 121, '2024-10-02 19:05:51'),
(153, 5, 121, '2024-10-02 19:07:13'),
(154, 5, 121, '2024-10-02 19:07:52'),
(155, 5, 121, '2024-10-02 19:08:40'),
(156, 5, 121, '2024-10-02 19:09:42'),
(157, 5, 121, '2024-10-02 19:12:49'),
(158, 5, 121, '2024-10-02 19:15:13'),
(159, 5, 121, '2024-10-02 19:19:18'),
(160, 5, 121, '2024-10-02 19:21:21'),
(161, 5, 121, '2024-10-02 19:21:30'),
(162, 5, 121, '2024-10-02 19:23:05'),
(163, 5, 121, '2024-10-02 19:24:28'),
(164, 5, 121, '2024-10-02 19:26:05'),
(165, 5, 121, '2024-10-02 19:27:58'),
(166, 5, 121, '2024-10-02 19:29:09'),
(167, 5, 121, '2024-10-02 19:32:02'),
(168, 5, 121, '2024-10-02 19:33:24'),
(169, 5, 121, '2024-10-02 19:33:54'),
(170, 5, 121, '2024-10-02 19:37:41'),
(171, 5, 121, '2024-10-02 19:40:53'),
(172, 5, 121, '2024-10-02 19:41:51'),
(173, 5, 121, '2024-10-02 19:43:35'),
(174, 5, 121, '2024-10-02 19:49:13'),
(175, 5, 121, '2024-10-02 19:50:28'),
(176, 5, 121, '2024-10-02 19:50:54'),
(177, 5, 121, '2024-10-02 19:52:40'),
(178, 5, 121, '2024-10-02 19:57:15'),
(179, 5, 121, '2024-10-02 20:26:46'),
(180, 5, 121, '2024-10-02 20:26:48'),
(181, 5, 121, '2024-10-02 20:27:20'),
(182, 5, 121, '2024-10-02 20:30:09'),
(183, 5, 121, '2024-10-02 20:31:40'),
(184, 5, 121, '2024-10-02 20:33:04'),
(185, 5, 121, '2024-10-02 20:33:27'),
(186, 5, 121, '2024-10-02 20:34:06'),
(187, 5, 121, '2024-10-02 20:35:46'),
(188, 5, 121, '2024-10-02 20:38:58'),
(189, 5, 121, '2024-10-02 20:40:26'),
(190, 5, 121, '2024-10-02 20:40:46'),
(191, 5, 121, '2024-10-02 20:41:30'),
(192, 5, 121, '2024-10-02 20:42:35'),
(193, 5, 121, '2024-10-02 20:43:02'),
(194, 5, 121, '2024-10-02 20:45:50'),
(195, 5, 121, '2024-10-02 20:47:01'),
(196, 5, 121, '2024-10-02 20:47:17'),
(197, 5, 121, '2024-10-02 20:48:19'),
(198, 5, 121, '2024-10-02 20:50:13'),
(199, 5, 121, '2024-10-02 20:53:44'),
(200, 5, 121, '2024-10-02 20:54:37'),
(201, 1, 121, '2024-10-02 22:26:39'),
(202, 5, 121, '2024-10-02 22:42:27'),
(203, 5, 25, '2024-10-02 23:34:01'),
(204, 5, 25, '2024-10-02 23:34:05'),
(205, 5, 121, '2024-10-02 23:34:09'),
(206, 5, 121, '2024-10-03 07:23:47'),
(207, 5, 121, '2024-10-03 07:30:59'),
(208, 5, 94, '2024-10-03 09:03:16'),
(209, 5, 94, '2024-10-03 09:03:22'),
(210, 5, 94, '2024-10-03 09:03:26'),
(211, 5, 94, '2024-10-03 09:03:46'),
(212, 5, 25, '2024-10-03 16:47:59'),
(213, 5, 26, '2024-10-03 19:04:21'),
(214, 5, 26, '2024-10-03 19:04:40'),
(215, 5, 26, '2024-10-03 19:06:14'),
(216, 5, 94, '2024-10-03 19:06:55'),
(217, 5, 94, '2024-10-03 19:07:02'),
(218, 5, 94, '2024-10-03 19:07:09'),
(219, 5, 121, '2024-10-03 19:07:26'),
(220, 5, 13, '2024-10-03 19:23:05'),
(221, 5, 13, '2024-10-03 19:23:10'),
(222, 5, 13, '2024-10-03 19:23:15'),
(223, 5, 55, '2024-10-03 20:04:43'),
(224, 5, 55, '2024-10-03 20:04:49'),
(225, 5, 94, '2024-10-03 20:13:37'),
(226, 5, 67, '2024-10-03 20:13:57'),
(227, 5, 121, '2024-10-03 20:14:01'),
(228, 5, 121, '2024-10-03 20:14:08'),
(229, 5, 121, '2024-10-03 20:14:43'),
(230, 5, 121, '2024-10-03 20:18:20'),
(231, 5, 121, '2024-10-03 20:54:20'),
(232, 5, 121, '2024-10-03 20:57:25'),
(233, 5, 121, '2024-10-03 22:38:14'),
(234, 5, 67, '2024-10-03 22:38:19'),
(235, 7, 24, '2024-10-05 07:38:14'),
(236, 7, 121, '2024-10-05 07:38:20'),
(237, 7, 22, '2024-10-05 07:44:01'),
(238, 7, 121, '2024-10-05 07:44:07'),
(239, 7, 121, '2024-10-05 08:07:10'),
(240, 7, 121, '2024-10-05 08:07:53'),
(241, 7, 121, '2024-10-05 08:10:19'),
(242, 7, 121, '2024-10-05 08:11:50'),
(243, 7, 121, '2024-10-05 08:12:02'),
(244, 7, 121, '2024-10-05 08:12:12'),
(245, 7, 121, '2024-10-05 08:12:18'),
(246, 7, 121, '2024-10-05 08:12:32'),
(247, 7, 121, '2024-10-05 08:13:21'),
(248, 7, 121, '2024-10-05 08:13:29'),
(249, 7, 121, '2024-10-05 08:13:37'),
(250, 7, 121, '2024-10-05 08:13:48'),
(251, 7, 121, '2024-10-05 08:13:57'),
(252, 7, 121, '2024-10-05 08:14:07'),
(253, 7, 121, '2024-10-05 08:14:14'),
(254, 7, 121, '2024-10-05 08:14:21'),
(255, 7, 121, '2024-10-05 08:14:29'),
(256, 7, 121, '2024-10-05 08:14:37'),
(257, 7, 121, '2024-10-05 08:14:41'),
(258, 7, 121, '2024-10-05 08:37:06'),
(259, 7, 104, '2024-10-05 08:40:08'),
(260, 7, 1, '2024-10-05 08:40:30'),
(261, 7, 24, '2024-10-05 08:40:55'),
(262, 7, 3, '2024-10-05 08:41:53'),
(263, 7, 24, '2024-10-05 08:42:24'),
(264, 7, 1, '2024-10-05 08:43:33'),
(265, 7, 1, '2024-10-05 08:44:14'),
(266, 7, 26, '2024-10-05 08:44:25'),
(267, 7, 22, '2024-10-05 08:45:01'),
(268, 7, 24, '2024-10-05 08:54:43'),
(269, 5, 67, '2024-10-05 18:45:35'),
(270, 5, 67, '2024-10-05 18:45:40'),
(271, 5, 67, '2024-10-05 18:52:56'),
(272, 5, 67, '2024-10-05 18:53:01'),
(273, 5, 67, '2024-10-05 18:53:05'),
(274, 5, 67, '2024-10-05 18:53:09'),
(275, 5, 121, '2024-10-05 18:53:20'),
(276, 5, 121, '2024-10-05 18:53:38'),
(277, 5, 121, '2024-10-05 19:00:16'),
(278, 5, 121, '2024-10-05 19:02:06'),
(279, 5, 121, '2024-10-05 19:08:12'),
(280, 5, 121, '2024-10-05 19:08:29'),
(281, 5, 121, '2024-10-05 19:08:42'),
(282, 5, 121, '2024-10-05 19:13:11'),
(283, 5, 121, '2024-10-05 19:14:47'),
(284, 5, 121, '2024-10-05 19:16:06'),
(285, 5, 121, '2024-10-05 19:20:03'),
(286, 5, 121, '2024-10-05 19:20:52'),
(287, 5, 121, '2024-10-05 19:24:14'),
(288, 5, 121, '2024-10-05 19:24:16'),
(289, 5, 121, '2024-10-05 19:24:48'),
(290, 5, 121, '2024-10-05 19:26:47'),
(291, 5, 121, '2024-10-05 19:27:26'),
(292, 5, 121, '2024-10-05 19:28:05'),
(293, 5, 5, '2024-10-05 19:58:03'),
(294, 5, 5, '2024-10-05 19:59:07'),
(295, 5, 67, '2024-10-05 20:18:05'),
(296, 5, 67, '2024-10-05 20:18:13'),
(297, 5, 121, '2024-10-05 20:18:25'),
(298, 5, 121, '2024-10-05 20:30:23'),
(299, 5, 121, '2024-10-05 20:30:55'),
(300, 5, 121, '2024-10-05 20:32:15'),
(301, 5, 121, '2024-10-05 20:33:55'),
(302, 5, 121, '2024-10-05 20:34:16'),
(303, 5, 67, '2024-10-05 20:36:07'),
(304, 5, 67, '2024-10-05 20:38:21'),
(305, 5, 67, '2024-10-06 12:52:56'),
(306, 5, 121, '2024-10-06 12:52:59'),
(307, 5, 67, '2024-10-06 12:53:15'),
(308, 5, 121, '2024-10-06 12:53:20'),
(309, 5, 123, '2024-10-06 12:53:21'),
(310, 5, 123, '2024-10-06 12:55:15'),
(311, 5, 123, '2024-10-06 13:20:35'),
(312, 5, 123, '2024-10-06 13:23:01'),
(313, 5, 123, '2024-10-06 13:26:35'),
(314, 5, 121, '2024-10-06 18:48:08'),
(315, 5, 121, '2024-10-06 18:48:57'),
(316, 5, 121, '2024-10-06 18:49:19'),
(317, 5, 121, '2024-10-06 18:50:11'),
(318, 5, 5, '2024-10-06 18:52:58'),
(319, 5, 121, '2024-10-06 18:53:36'),
(320, 5, 121, '2024-10-06 18:53:40'),
(321, 5, 5, '2024-10-06 18:53:48'),
(322, 5, 5, '2024-10-06 18:54:13'),
(323, 5, 5, '2024-10-06 18:57:08'),
(324, 5, 5, '2024-10-06 18:58:21'),
(325, 5, 1, '2024-10-06 19:00:06'),
(326, 5, 33, '2024-10-06 19:01:35'),
(327, 5, 121, '2024-10-06 19:03:00'),
(328, 5, 121, '2024-10-06 19:05:30'),
(329, 5, 121, '2024-10-06 19:05:57'),
(330, 5, 121, '2024-10-06 19:10:34'),
(331, 5, 121, '2024-10-06 19:20:55'),
(332, 5, 121, '2024-10-06 19:39:18'),
(333, 5, 121, '2024-10-06 19:39:35'),
(334, 5, 121, '2024-10-06 19:39:56'),
(335, 5, 121, '2024-10-06 19:40:13'),
(336, 5, 121, '2024-10-06 19:40:30'),
(337, 5, 121, '2024-10-06 19:44:11'),
(338, 5, 121, '2024-10-06 19:51:44'),
(339, 5, 121, '2024-10-06 19:53:42'),
(340, 5, 121, '2024-10-06 19:57:32'),
(341, 5, 121, '2024-10-06 20:23:23'),
(342, 5, 121, '2024-10-06 20:23:39'),
(343, 5, 121, '2024-10-06 21:37:12'),
(344, 5, 121, '2024-10-07 03:40:33'),
(345, 5, 121, '2024-10-07 04:26:43'),
(346, 5, 121, '2024-10-07 05:28:19'),
(347, 5, 121, '2024-10-07 05:31:27'),
(348, 5, 121, '2024-10-07 05:31:41'),
(349, 5, 121, '2024-10-07 05:59:56'),
(350, 5, 121, '2024-10-07 06:04:37'),
(351, 5, 33, '2024-10-07 19:15:24'),
(352, 5, 33, '2024-10-07 19:18:45'),
(353, 5, 121, '2024-10-07 19:18:52'),
(354, 5, 121, '2024-10-08 03:46:34'),
(355, 5, 123, '2024-10-08 05:00:32'),
(356, 5, 123, '2024-10-08 05:03:03'),
(357, 5, 121, '2024-10-09 11:39:18'),
(358, 5, 33, '2024-10-09 11:39:27'),
(359, 5, 121, '2024-10-09 11:39:33'),
(360, 5, 121, '2024-10-09 13:06:56'),
(361, 5, 121, '2024-10-09 13:09:00'),
(362, 5, 121, '2024-10-09 13:19:49');

-- --------------------------------------------------------

--
-- Table structure for table `report_bookings`
--

CREATE TABLE `report_bookings` (
  `report_id` int(11) NOT NULL,
  `booking_id` int(11) NOT NULL,
  `reason` varchar(500) NOT NULL,
  `reported_at` datetime NOT NULL DEFAULT current_timestamp()
) ENGINE=InnoDB DEFAULT CHARSET=utf8mb4 COLLATE=utf8mb4_general_ci;

--
-- Dumping data for table `report_bookings`
--

INSERT INTO `report_bookings` (`report_id`, `booking_id`, `reason`, `reported_at`) VALUES
(1, 25, 'yopthkjtpykm,no;pl', '2024-09-27 17:50:06'),
(2, 40, 'The user is a fraud', '2024-10-03 21:07:47'),
(3, 51, 'hii', '2024-10-04 20:18:38');

-- --------------------------------------------------------

--
-- Table structure for table `report_shop`
--

CREATE TABLE `report_shop` (
  `report_id` int(11) NOT NULL,
  `worker_id` int(11) DEFAULT NULL,
  `details` text NOT NULL,
  `customer_id` int(11) NOT NULL,
  `report_time` datetime NOT NULL DEFAULT current_timestamp(),
  `picture` varchar(100) DEFAULT NULL,
  `shop_id` int(11) NOT NULL
) ENGINE=InnoDB DEFAULT CHARSET=utf8mb4 COLLATE=utf8mb4_general_ci;

-- --------------------------------------------------------

--
-- Table structure for table `review_platform`
--

CREATE TABLE `review_platform` (
  `review_id` int(11) NOT NULL,
  `customer_id` int(11) NOT NULL,
  `review` text NOT NULL,
  `star` int(11) NOT NULL,
  `review_time` datetime NOT NULL DEFAULT current_timestamp()
) ENGINE=InnoDB DEFAULT CHARSET=utf8mb4 COLLATE=utf8mb4_general_ci;

--
-- Dumping data for table `review_platform`
--

INSERT INTO `review_platform` (`review_id`, `customer_id`, `review`, `star`, `review_time`) VALUES
(1, 1, 'this is me', 3, '2024-09-21 23:01:41'),
(2, 1, '123', 3, '2024-09-21 23:01:41'),
(3, 1, 'its a very good platform\r\n', 3, '2024-09-21 23:01:41'),
(4, 2, 'dbghrdbh', 4, '2024-09-21 23:01:41'),
(5, 4, '34fxderfgveg', 4, '2024-09-21 23:01:41'),
(6, 1, 'hey everyone thank you for reviewing us', 4, '2024-09-21 23:01:41'),
(7, 1, 'Hi shap shaves thank you for the priceless services\r\n', 3, '2024-09-26 01:08:24'),
(8, 5, 'hi', 3, '2024-10-01 09:06:50'),
(9, 7, 'loved the platfrom', 5, '2024-10-05 14:51:35');

-- --------------------------------------------------------

--
-- Table structure for table `review_shop`
--

CREATE TABLE `review_shop` (
  `review_id` int(11) NOT NULL,
  `shop_id` int(11) NOT NULL,
  `customer_id` int(11) NOT NULL,
  `review` text NOT NULL,
  `date_and_time` datetime NOT NULL DEFAULT current_timestamp(),
  `star` int(11) NOT NULL
) ENGINE=InnoDB DEFAULT CHARSET=utf8mb4 COLLATE=utf8mb4_general_ci;

--
-- Dumping data for table `review_shop`
--

INSERT INTO `review_shop` (`review_id`, `shop_id`, `customer_id`, `review`, `date_and_time`, `star`) VALUES
(1, 80, 2, 'Thanks for your service.', '2024-09-21 23:18:15', 4),
(17, 2, 1, 'this is not done by rakib', '2024-09-27 20:21:54', 1),
(19, 2, 5, 'Thank you again', '2024-09-29 23:56:11', 2),
(20, 2, 5, 'Hello guys', '2024-09-29 23:56:20', 1),
(26, 121, 5, 'Thanks for your service it was very pleasuruous.', '2024-10-04 02:11:32', 5),
(27, 121, 7, 'best barbar i have in your salonn', '2024-10-05 14:07:53', 5),
(32, 121, 5, 'this is for testing purpose', '2024-10-06 01:25:04', 2),
(33, 121, 5, 'This is testing purpose', '2024-10-06 01:28:05', 2),
(34, 121, 5, 'Rakib calm down', '2024-10-07 00:48:57', 2),
(35, 121, 5, 'Alhamdulillah', '2024-10-07 00:50:11', 5),
(36, 5, 5, 'Hey mr shop are you doing well?', '2024-10-07 00:54:13', 4),
(37, 121, 5, 'gkjhkn', '2024-10-09 19:09:00', 2);

-- --------------------------------------------------------

--
-- Table structure for table `service_table`
--

CREATE TABLE `service_table` (
  `service_id` int(11) NOT NULL,
  `service_name` varchar(100) NOT NULL
) ENGINE=InnoDB DEFAULT CHARSET=utf8mb4 COLLATE=utf8mb4_general_ci;

--
-- Dumping data for table `service_table`
--

INSERT INTO `service_table` (`service_id`, `service_name`) VALUES
(6, 'Body Treatments'),
(10, 'Educational Services'),
(2, 'Facial Services'),
(7, 'Grooming Services (For Men)'),
(1, 'Hair Services'),
(11, 'Miscellaneous Services'),
(5, 'Nail Services'),
(8, 'Retail Products'),
(3, 'Spa Services'),
(4, 'Specialized Treatments'),
(9, 'Wellness Services');

-- --------------------------------------------------------

--
-- Table structure for table `shop_gallery`
--

CREATE TABLE `shop_gallery` (
  `img_id` int(11) NOT NULL,
  `shop_id` int(11) NOT NULL,
  `image` varchar(100) NOT NULL
) ENGINE=InnoDB DEFAULT CHARSET=utf8mb4 COLLATE=utf8mb4_general_ci;

--
-- Dumping data for table `shop_gallery`
--

INSERT INTO `shop_gallery` (`img_id`, `shop_id`, `image`) VALUES
(7, 2, '../image/shop_gallery/arrow (2).png'),
(8, 2, '../image/shop_gallery/right.png'),
(9, 2, '../image/shop_gallery/next (1).png'),
(10, 2, '../image/shop_gallery/RadiantHubBD_Icon.png'),
(19, 67, '../image/shop_gallery/pexels-delbeautybox-211032-853427.jpg'),
(26, 121, '../image/shop_gallery/pexels-delbeautybox-211032-705255.jpg'),
(33, 121, '../image/shop_gallery/premium_photo-1658506695819-15989df6d489.avif'),
(34, 121, '../image/shop_gallery/john-arano-CCTCHXEsan8-unsplash.jpg');

-- --------------------------------------------------------

--
-- Table structure for table `shop_service_table`
--

CREATE TABLE `shop_service_table` (
  `shop_id` int(11) NOT NULL,
  `service_id` int(11) NOT NULL,
  `item_id` int(11) NOT NULL,
  `item_price` int(11) NOT NULL
) ENGINE=InnoDB DEFAULT CHARSET=utf8mb4 COLLATE=utf8mb4_general_ci;

--
-- Dumping data for table `shop_service_table`
--

INSERT INTO `shop_service_table` (`shop_id`, `service_id`, `item_id`, `item_price`) VALUES
(0, 3, 3, 444),
(0, 7, 55, 281),
(0, 10, 20, 153),
(0, 10, 36, 328),
(1, 2, 40, 338),
(1, 5, 18, 185),
(1, 5, 56, 82),
(1, 9, 54, 430),
(1, 9, 56, 359),
(1, 10, 29, 356),
(1, 10, 34, 390),
(2, 3, 2, 214),
(2, 3, 7, 303),
(2, 3, 38, 172),
(2, 4, 36, 498),
(2, 4, 46, 283),
(2, 5, 51, 481),
(2, 6, 10, 367),
(2, 8, 47, 60),
(3, 2, 27, 311),
(3, 5, 17, 373),
(3, 5, 38, 448),
(3, 6, 60, 145),
(3, 8, 7, 287),
(3, 8, 31, 415),
(4, 4, 47, 363),
(5, 1, 56, 345),
(5, 2, 61, 144),
(5, 5, 1, 344),
(5, 5, 20, 107),
(5, 5, 62, 112),
(5, 9, 22, 240),
(5, 9, 43, 361),
(6, 1, 33, 379),
(6, 4, 20, 379),
(6, 6, 45, 107),
(7, 4, 33, 209),
(7, 6, 23, 116),
(7, 10, 42, 448),
(8, 1, 1, 266),
(8, 5, 9, 379),
(8, 7, 58, 474),
(8, 9, 54, 309),
(9, 1, 26, 285),
(9, 2, 11, 156),
(9, 3, 9, 354),
(9, 4, 47, 216),
(10, 1, 46, 231),
(10, 2, 44, 391),
(10, 7, 10, 434),
(10, 7, 22, 85),
(10, 8, 18, 150),
(11, 8, 38, 349),
(12, 1, 54, 486),
(12, 4, 8, 197),
(12, 6, 25, 406),
(13, 4, 49, 221),
(13, 6, 6, 428),
(13, 9, 23, 344),
(13, 10, 18, 406),
(14, 1, 46, 144),
(14, 2, 33, 219),
(14, 7, 14, 282),
(14, 9, 6, 55),
(14, 10, 51, 273),
(15, 1, 31, 217),
(15, 3, 30, 150),
(15, 4, 21, 196),
(15, 4, 33, 424),
(15, 6, 53, 192),
(15, 8, 55, 305),
(16, 1, 19, 361),
(16, 2, 7, 250),
(16, 2, 21, 126),
(16, 2, 22, 362),
(16, 4, 56, 55),
(16, 6, 57, 256),
(18, 4, 58, 213),
(18, 10, 18, 303),
(19, 1, 40, 448),
(19, 1, 47, 233),
(19, 5, 18, 317),
(19, 9, 2, 90),
(19, 10, 29, 260),
(19, 10, 41, 261),
(20, 2, 44, 61),
(20, 3, 2, 371),
(20, 5, 5, 97),
(20, 10, 25, 131),
(20, 10, 53, 217),
(21, 2, 14, 117),
(21, 2, 20, 175),
(21, 6, 10, 152),
(21, 10, 52, 132),
(22, 5, 35, 58),
(22, 5, 51, 316),
(22, 7, 11, 429),
(22, 7, 41, 264),
(22, 8, 56, 291),
(23, 1, 25, 336),
(23, 1, 63, 291),
(23, 2, 3, 76),
(23, 7, 41, 228),
(23, 8, 3, 266),
(23, 8, 29, 337),
(24, 6, 45, 469),
(24, 7, 27, 308),
(24, 9, 54, 497),
(25, 1, 50, 247),
(25, 2, 1, 395),
(25, 2, 6, 239),
(25, 3, 20, 346),
(25, 6, 4, 119),
(26, 3, 4, 204),
(26, 9, 39, 372),
(27, 6, 40, 201),
(27, 6, 49, 121),
(27, 7, 12, 351),
(27, 8, 45, 402),
(27, 9, 54, 282),
(27, 10, 36, 451),
(28, 2, 15, 138),
(29, 1, 44, 100),
(29, 2, 28, 181),
(29, 3, 9, 215),
(29, 3, 32, 216),
(29, 3, 57, 131),
(29, 4, 19, 377),
(29, 4, 44, 280),
(29, 5, 14, 61),
(29, 6, 49, 309),
(29, 7, 15, 90),
(29, 9, 59, 201),
(30, 1, 2, 219),
(30, 4, 12, 412),
(30, 6, 40, 179),
(30, 7, 17, 218),
(31, 1, 26, 455),
(31, 1, 63, 473),
(31, 3, 9, 465),
(31, 5, 31, 199),
(31, 8, 13, 114),
(32, 2, 40, 252),
(32, 6, 7, 247),
(33, 1, 44, 357),
(33, 3, 45, 185),
(33, 6, 12, 361),
(33, 8, 35, 494),
(34, 2, 30, 493),
(34, 5, 45, 89),
(34, 6, 28, 446),
(34, 6, 60, 285),
(34, 7, 59, 154),
(34, 10, 62, 285),
(35, 3, 10, 358),
(35, 5, 30, 485),
(35, 5, 51, 498),
(35, 9, 53, 171),
(36, 4, 20, 498),
(36, 10, 28, 253),
(36, 10, 49, 110),
(37, 5, 63, 448),
(38, 1, 21, 286),
(38, 1, 24, 231),
(38, 2, 52, 296),
(38, 4, 3, 303),
(38, 4, 8, 344),
(38, 5, 63, 486),
(38, 6, 40, 480),
(38, 6, 56, 316),
(38, 7, 61, 498),
(38, 10, 8, 461),
(39, 2, 35, 247),
(39, 7, 44, 63),
(39, 8, 19, 170),
(39, 9, 1, 322),
(40, 1, 58, 286),
(40, 2, 13, 244),
(40, 4, 63, 429),
(40, 5, 18, 182),
(40, 8, 11, 117),
(40, 10, 1, 451),
(41, 1, 52, 493),
(41, 4, 7, 127),
(41, 4, 63, 125),
(41, 5, 2, 217),
(41, 9, 12, 237),
(42, 2, 62, 60),
(42, 9, 12, 179),
(42, 10, 15, 246),
(43, 1, 19, 395),
(43, 2, 24, 463),
(43, 5, 9, 362),
(43, 6, 26, 269),
(43, 6, 27, 411),
(43, 9, 18, 184),
(43, 9, 53, 340),
(44, 1, 47, 237),
(44, 2, 16, 454),
(44, 8, 21, 361),
(44, 8, 40, 185),
(45, 4, 47, 258),
(45, 7, 8, 110),
(45, 7, 21, 244),
(45, 7, 24, 64),
(45, 9, 2, 360),
(46, 1, 38, 212),
(46, 4, 13, 199),
(46, 4, 19, 293),
(46, 4, 60, 394),
(46, 5, 19, 413),
(46, 8, 38, 184),
(46, 9, 18, 472),
(46, 9, 41, 241),
(47, 2, 51, 442),
(47, 5, 12, 225),
(47, 5, 20, 362),
(47, 6, 23, 98),
(47, 7, 3, 80),
(47, 8, 44, 409),
(47, 9, 3, 186),
(47, 10, 49, 487),
(48, 2, 33, 447),
(48, 8, 22, 274),
(49, 1, 8, 471),
(49, 4, 44, 287),
(49, 8, 35, 241),
(49, 10, 11, 444),
(49, 10, 34, 148),
(49, 10, 48, 70),
(49, 10, 60, 76),
(50, 2, 51, 297),
(50, 3, 58, 96),
(50, 4, 19, 486),
(50, 6, 43, 339),
(50, 10, 2, 430),
(50, 10, 24, 465),
(51, 1, 7, 139),
(51, 6, 1, 214),
(51, 6, 48, 145),
(51, 6, 59, 427),
(51, 7, 52, 464),
(52, 8, 2, 157),
(53, 5, 18, 307),
(53, 5, 54, 363),
(54, 1, 25, 235),
(54, 1, 48, 323),
(54, 2, 22, 91),
(54, 3, 47, 375),
(54, 7, 20, 359),
(55, 7, 23, 159),
(55, 7, 31, 440),
(55, 8, 3, 89),
(55, 9, 13, 458),
(56, 1, 51, 250),
(56, 4, 38, 491),
(56, 4, 47, 111),
(56, 5, 35, 372),
(56, 5, 42, 152),
(56, 7, 11, 343),
(56, 8, 46, 106),
(56, 10, 46, 320),
(57, 3, 25, 188),
(57, 4, 18, 226),
(57, 7, 25, 352),
(57, 9, 30, 446),
(58, 1, 23, 284),
(58, 3, 6, 395),
(58, 4, 26, 416),
(58, 9, 46, 97),
(58, 10, 37, 415),
(58, 10, 58, 413),
(59, 1, 51, 284),
(59, 2, 35, 88),
(59, 2, 43, 102),
(59, 4, 42, 228),
(59, 6, 33, 344),
(59, 9, 29, 107),
(60, 1, 32, 458),
(60, 6, 1, 339),
(60, 8, 8, 173),
(60, 8, 31, 360),
(60, 9, 62, 340),
(61, 7, 60, 367),
(62, 3, 28, 362),
(62, 3, 61, 218),
(62, 4, 19, 398),
(62, 6, 52, 138),
(62, 8, 9, 212),
(62, 9, 34, 385),
(63, 4, 34, 476),
(63, 4, 57, 263),
(63, 5, 24, 466),
(63, 5, 55, 144),
(63, 7, 38, 261),
(63, 8, 61, 197),
(63, 9, 40, 313),
(63, 10, 50, 103),
(63, 10, 52, 237),
(64, 1, 35, 75),
(64, 3, 22, 343),
(64, 5, 5, 182),
(64, 7, 44, 384),
(64, 10, 15, 281),
(65, 3, 16, 297),
(65, 7, 58, 233),
(65, 8, 30, 215),
(65, 8, 50, 132),
(66, 2, 31, 355),
(66, 5, 6, 452),
(66, 6, 3, 303),
(66, 9, 12, 101),
(67, 3, 51, 395),
(67, 4, 18, 351),
(67, 5, 21, 482),
(67, 6, 61, 64),
(68, 8, 8, 345),
(69, 6, 20, 258),
(69, 6, 34, 246),
(69, 8, 30, 341),
(69, 10, 27, 172),
(70, 6, 9, 158),
(70, 8, 52, 199),
(70, 9, 34, 150),
(70, 9, 43, 223),
(71, 4, 9, 463),
(71, 8, 63, 87),
(72, 1, 21, 367),
(72, 1, 62, 492),
(72, 2, 44, 489),
(72, 9, 8, 243),
(73, 2, 28, 116),
(73, 5, 5, 403),
(73, 9, 59, 411),
(74, 1, 56, 289),
(74, 2, 26, 339),
(74, 2, 39, 349),
(74, 3, 45, 281),
(74, 5, 55, 383),
(74, 7, 36, 312),
(74, 9, 55, 393),
(75, 1, 50, 89),
(75, 1, 59, 247),
(75, 2, 24, 90),
(75, 8, 31, 195),
(75, 8, 58, 354),
(75, 9, 19, 435),
(75, 9, 29, 460),
(76, 3, 50, 67),
(76, 7, 26, 496),
(76, 9, 38, 88),
(76, 10, 3, 233),
(77, 6, 60, 367),
(77, 8, 27, 373),
(78, 4, 51, 211),
(78, 4, 52, 256),
(78, 5, 31, 83),
(78, 7, 53, 223),
(78, 8, 28, 69),
(78, 9, 41, 67),
(79, 5, 48, 381),
(79, 8, 46, 373),
(79, 10, 25, 483),
(80, 3, 19, 479),
(80, 4, 40, 289),
(80, 4, 49, 195),
(80, 7, 9, 330),
(80, 8, 11, 372),
(81, 2, 12, 224),
(81, 3, 12, 123),
(81, 5, 48, 71),
(82, 3, 18, 418),
(82, 5, 6, 243),
(82, 6, 50, 166),
(83, 10, 28, 316),
(84, 3, 10, 330),
(84, 3, 29, 84),
(84, 3, 55, 499),
(84, 6, 4, 238),
(84, 8, 17, 238),
(84, 9, 45, 88),
(85, 8, 9, 295),
(85, 8, 13, 380),
(85, 10, 17, 495),
(86, 2, 26, 454),
(86, 10, 9, 426),
(87, 4, 20, 340),
(87, 4, 46, 174),
(87, 5, 10, 291),
(87, 7, 24, 316),
(87, 7, 36, 437),
(87, 9, 43, 70),
(88, 8, 37, 140),
(89, 3, 12, 214),
(89, 8, 17, 416),
(89, 8, 33, 111),
(89, 10, 41, 338),
(90, 2, 33, 179),
(90, 4, 13, 166),
(90, 5, 29, 323),
(90, 6, 22, 454),
(91, 6, 8, 402),
(91, 6, 54, 149),
(91, 7, 46, 257),
(91, 8, 47, 312),
(92, 1, 47, 103),
(92, 6, 12, 457),
(92, 6, 44, 396),
(92, 7, 58, 168),
(92, 8, 45, 95),
(93, 7, 25, 189),
(93, 8, 34, 162),
(93, 10, 30, 347),
(94, 1, 17, 53),
(94, 2, 49, 371),
(94, 3, 6, 462),
(94, 3, 20, 383),
(94, 4, 21, 351),
(94, 4, 28, 486),
(94, 5, 20, 129),
(95, 2, 1, 226),
(95, 3, 7, 266),
(95, 4, 46, 191),
(95, 5, 56, 497),
(95, 8, 56, 296),
(96, 6, 63, 59),
(96, 7, 14, 342),
(96, 8, 58, 194),
(96, 9, 16, 155),
(97, 1, 54, 361),
(97, 3, 3, 69),
(97, 3, 5, 357),
(97, 9, 59, 472),
(97, 10, 23, 165),
(97, 10, 49, 415),
(98, 3, 20, 304),
(99, 3, 20, 57),
(99, 4, 11, 392),
(99, 5, 28, 360),
(99, 7, 52, 58),
(99, 8, 59, 299),
(99, 10, 47, 320),
(104, 2, 11, 180),
(104, 6, 35, 100),
(104, 6, 36, 120),
(104, 6, 37, 90),
(104, 7, 45, 120),
(104, 9, 1, 340),
(104, 10, 59, 1800),
(106, 5, 29, 1000),
(106, 5, 31, 700),
(106, 7, 41, 120),
(106, 7, 43, 150),
(107, 9, 1, 120),
(108, 6, 35, 123),
(109, 6, 35, 1),
(110, 6, 35, 111),
(110, 6, 36, 123),
(111, 1, 2, 123),
(112, 1, 2, 123),
(113, 1, 2, 123),
(121, 2, 10, 180),
(121, 6, 35, 110),
(121, 6, 40, 120),
(121, 9, 1, 150),
(122, 6, 36, 30),
(122, 6, 37, 110),
(123, 1, 2, 120),
(123, 1, 4, 150),
(123, 1, 7, 500);

-- --------------------------------------------------------

--
-- Table structure for table `shop_worker`
--

CREATE TABLE `shop_worker` (
  `worker_id` int(11) NOT NULL,
  `shop_id` int(11) NOT NULL,
  `worker_name` varchar(50) NOT NULL,
  `experience` varchar(10) DEFAULT '0',
  `rating` int(11) NOT NULL DEFAULT 0,
  `worker_picture` varchar(100) DEFAULT NULL,
  `expertise` varchar(500) NOT NULL,
  `count_customer` int(11) NOT NULL DEFAULT 0,
  `email` varchar(50) NOT NULL,
  `mobile_number` varchar(14) NOT NULL
) ENGINE=InnoDB DEFAULT CHARSET=utf8mb4 COLLATE=utf8mb4_general_ci;

--
-- Dumping data for table `shop_worker`
--

INSERT INTO `shop_worker` (`worker_id`, `shop_id`, `worker_name`, `experience`, `rating`, `worker_picture`, `expertise`, `count_customer`, `email`, `mobile_number`) VALUES
(0, 0, 'worker_name', 'experience', 0, 'worker_picture', 'expertise', 0, 'email', 'mobile_number'),
(1, 104, 'Md Rakibul islam', '1', 0, NULL, ',Sauna,Hydrotherapy (Whirlpool/ Jacuzzi),Nutritional Counseling', 0, 'rakib151p@gmail.com', '+8801794706582'),
(2, 104, 'Md rahadul islam', '2', 0, NULL, ',Hydrotherapy (Whirlpool/ Jacuzzi),Nutritional Counseling', 0, 'rakib151p@gmail.com', '+8801794706582'),
(3, 104, 'Md Ariful islam', '2.5', 0, NULL, ',Steam Room', 0, 'arif@gmail.com', '+8801794706582'),
(4, 106, 'Md ahaduzzaman', '2', 0, NULL, ',Teeth Whitening,Tattoo Services (Consultations/ Design/ Removal)', 0, 'ahad@yahoo.com', '+8801794706582'),
(5, 106, 'KAmrul Hasan', '5', 0, NULL, ',Makeup Application (Everyday/ Bridal/ Special Occasion/ etc.),Eyelash Extensions', 0, 'rakib151p@gmail.com', '+8801794706582'),
(6, 107, '123', '1', 0, NULL, ',Nutritional Counseling', 0, 'rakib151p@gmail.com', '+8801794706582'),
(7, 108, '12', '1', 0, NULL, ',Sauna', 0, 'rakib151p@gmail.com', '+8801794706582'),
(8, 109, 'Md Rakibul islam', '1', 0, NULL, ',Sauna', 0, 'rakib151p@gmail.com', '+8801794706582'),
(9, 110, '1', '1', 0, NULL, ',Sauna', 0, 'rakib151p@gmail.com', '+8801794706582'),
(10, 110, '2', '2', 0, NULL, ',Steam Room', 0, 'rakib151p@gmail.com', '+8801794706582'),
(11, 110, '3', '1', 0, NULL, 'Sauna', 0, 'rakib151p@gmail.com', '+8801794706582'),
(12, 111, '', '', 0, NULL, '', 0, '', ''),
(13, 112, '123', '12', 0, NULL, ',Hair Coloring', 0, 'rakib151p@gmail.com', '+8801794706582'),
(14, 113, '123', '12', 0, NULL, ',Hair Coloring', 0, 'rakib151p@gmail.com', '+8801794706582'),
(15, 10, 'Rashida', '12', 4, 'worker_65.jpg', 'Haircut, Shaving', 160, 'rashida725@gmail.com', '01673018767'),
(16, 12, 'Jamil', '19', 4, 'worker_94.jpg', 'Haircut, Shaving', 117, 'jamil464@gmail.com', '01557287363'),
(17, 21, 'Shakil', '18', 4, 'worker_78.jpg', 'Haircut, Shaving', 942, 'shakil647@gmail.com', '01595229872'),
(18, 27, 'Sakib', '20', 5, 'worker_43.jpg', 'Haircut, Shaving', 129, 'sakib786@gmail.com', '01530546487'),
(19, 40, 'Shakil', '16', 5, 'worker_67.jpg', 'Haircut, Shaving', 432, 'shakil930@gmail.com', '01612094733'),
(20, 42, 'Babul', '7', 4, 'worker_47.jpg', 'Haircut, Shaving', 221, 'babul375@gmail.com', '01932334697'),
(21, 73, 'Selina', '5', 4, 'worker_93.jpg', 'Haircut, Shaving', 563, 'selina71@gmail.com', '01923898366'),
(22, 26, 'Tariq', '8', 4, 'worker_39.jpg', 'Haircut, Shaving', 77, 'tariq185@gmail.com', '01996624765'),
(23, 94, 'Morsheda', '7', 4, 'worker_1.jpg', 'Haircut, Shaving', 70, 'morsheda626@gmail.com', '01998115803'),
(24, 73, 'Shakil', '12', 4, 'worker_86.jpg', 'Haircut, Shaving', 511, 'shakil511@gmail.com', '01940709484'),
(25, 4, 'Jamil', '17', 4, 'worker_58.jpg', 'Haircut, Shaving', 339, 'jamil475@gmail.com', '01530663399'),
(26, 15, 'Faruk', '1', 4, 'worker_85.jpg', 'Haircut, Shaving', 323, 'faruk152@gmail.com', '01786563265'),
(27, 104, 'Karim', '12', 4, 'worker_64.jpg', 'Haircut, Shaving', 150, 'karim246@gmail.com', '01546070452'),
(28, 11, 'Karim', '6', 5, 'worker_43.jpg', 'Haircut, Shaving', 965, 'karim490@gmail.com', '01530712349'),
(29, 30, 'Morshed', '4', 4, 'worker_34.jpg', 'Haircut, Shaving', 837, 'morshed154@gmail.com', '01694791010'),
(30, 65, 'Sajid', '18', 4, 'worker_70.jpg', 'Haircut, Shaving', 112, 'sajid45@gmail.com', '01596322401'),
(31, 94, 'Babul', '14', 4, 'worker_18.jpg', 'Haircut, Shaving', 494, 'babul742@gmail.com', '01721412055'),
(32, 29, 'Asif', '15', 4, 'worker_84.jpg', 'Haircut, Shaving', 370, 'asif22@gmail.com', '01694275220'),
(33, 6, 'Faruk', '2', 4, 'worker_73.jpg', 'Haircut, Shaving', 692, 'faruk395@gmail.com', '01665035979'),
(34, 57, 'Selina', '18', 5, 'worker_36.jpg', 'Haircut, Shaving', 843, 'selina501@gmail.com', '01969695250'),
(35, 105, 'Mamun', '2', 4, 'worker_42.jpg', 'Haircut, Shaving', 399, 'mamun207@gmail.com', '01554371311'),
(36, 66, 'Morshed', '1', 4, 'worker_63.jpg', 'Haircut, Shaving', 445, 'morshed382@gmail.com', '01781010103'),
(37, 29, 'Faruk', '16', 5, 'worker_55.jpg', 'Haircut, Shaving', 63, 'faruk941@gmail.com', '01985996484'),
(38, 67, 'Nadia', '11', 4, 'worker_75.jpg', 'Haircut, Shaving', 824, 'nadia651@gmail.com', '01843738698'),
(39, 22, 'Kamal', '17', 5, 'worker_15.jpg', 'Haircut, Shaving', 980, 'kamal763@gmail.com', '01873689914'),
(40, 89, 'Asif', '13', 4, 'worker_12.jpg', 'Haircut, Shaving', 193, 'asif796@gmail.com', '01993641875'),
(41, 60, 'Rahim', '9', 5, 'worker_87.jpg', 'Haircut, Shaving', 489, 'rahim235@gmail.com', '01815502367'),
(42, 74, 'Sajid', '5', 5, 'worker_13.jpg', 'Haircut, Shaving', 979, 'sajid461@gmail.com', '01580022577'),
(43, 99, 'Selina', '16', 4, 'worker_81.jpg', 'Haircut, Shaving', 509, 'selina497@gmail.com', '01873515795'),
(44, 95, 'Sohan', '3', 4, 'worker_5.jpg', 'Haircut, Shaving', 762, 'sohan547@gmail.com', '01964527462'),
(45, 44, 'Sohan', '8', 4, 'worker_78.jpg', 'Haircut, Shaving', 428, 'sohan79@gmail.com', '01747322402'),
(46, 94, 'Nadia', '5', 4, 'worker_42.jpg', 'Haircut, Shaving', 399, 'nadia646@gmail.com', '01563615338'),
(47, 89, 'Maruf', '19', 5, 'worker_73.jpg', 'Haircut, Shaving', 152, 'maruf684@gmail.com', '01865685963'),
(48, 85, 'Sakib', '6', 5, 'worker_78.jpg', 'Haircut, Shaving', 136, 'sakib903@gmail.com', '01622247038'),
(49, 30, 'Babul', '17', 4, 'worker_85.jpg', 'Haircut, Shaving', 423, 'babul128@gmail.com', '01557383604'),
(50, 37, 'Hasan', '4', 5, 'worker_78.jpg', 'Haircut, Shaving', 617, 'hasan543@gmail.com', '01720867419'),
(51, 17, 'Morsheda', '8', 5, 'worker_52.jpg', 'Haircut, Shaving', 740, 'morsheda238@gmail.com', '01717834912'),
(52, 78, 'Zakia', '4', 5, 'worker_25.jpg', 'Haircut, Shaving', 345, 'zakia944@gmail.com', '01820343833'),
(53, 76, 'Faruk', '5', 4, 'worker_33.jpg', 'Haircut, Shaving', 350, 'faruk454@gmail.com', '01717690721'),
(54, 57, 'Babul', '17', 4, 'worker_1.jpg', 'Haircut, Shaving', 627, 'babul663@gmail.com', '01920837701'),
(55, 81, 'Jhuma', '19', 4, 'worker_3.jpg', 'Haircut, Shaving', 108, 'jhuma187@gmail.com', '01654430081'),
(56, 53, 'Faruk', '14', 4, 'worker_4.jpg', 'Haircut, Shaving', 829, 'faruk780@gmail.com', '01682470119'),
(57, 68, 'Maruf', '4', 4, 'worker_77.jpg', 'Haircut, Shaving', 347, 'maruf511@gmail.com', '01691076922'),
(58, 97, 'Selina', '10', 4, 'worker_97.jpg', 'Haircut, Shaving', 870, 'selina237@gmail.com', '01859484072'),
(59, 105, 'Shakil', '2', 4, 'worker_39.jpg', 'Haircut, Shaving', 250, 'shakil478@gmail.com', '01570096563'),
(60, 53, 'Karim', '12', 4, 'worker_32.jpg', 'Haircut, Shaving', 482, 'karim980@gmail.com', '01916337313'),
(61, 53, 'Mitu', '8', 5, 'worker_15.jpg', 'Haircut, Shaving', 678, 'mitu349@gmail.com', '01999600296'),
(62, 78, 'Zakia', '20', 5, 'worker_1.jpg', 'Haircut, Shaving', 835, 'zakia997@gmail.com', '01917584253'),
(63, 75, 'Sajid', '4', 4, 'worker_85.jpg', 'Haircut, Shaving', 875, 'sajid195@gmail.com', '01769473502'),
(64, 11, 'Nadia', '5', 4, 'worker_27.jpg', 'Haircut, Shaving', 231, 'nadia973@gmail.com', '01990280656'),
(65, 37, 'Morshed', '9', 4, 'worker_96.jpg', 'Haircut, Shaving', 578, 'morshed771@gmail.com', '01973509817'),
(66, 57, 'Sajid', '1', 5, 'worker_68.jpg', 'Haircut, Shaving', 942, 'sajid44@gmail.com', '01878916741'),
(67, 97, 'Hasan', '2', 5, 'worker_27.jpg', 'Haircut, Shaving', 412, 'hasan126@gmail.com', '01631412405'),
(68, 67, 'Jhuma', '4', 5, 'worker_70.jpg', 'Haircut, Shaving', 576, 'jhuma467@gmail.com', '01949889721'),
(69, 54, 'Faruk', '12', 4, 'worker_87.jpg', 'Haircut, Shaving', 278, 'faruk730@gmail.com', '01764294092'),
(70, 62, 'Tanvir', '20', 4, 'worker_76.jpg', 'Haircut, Shaving', 620, 'tanvir732@gmail.com', '01839225215'),
(71, 4, 'Rina', '6', 4, 'worker_43.jpg', 'Haircut, Shaving', 764, 'rina761@gmail.com', '01558587760'),
(72, 87, 'Rahim', '3', 5, 'worker_21.jpg', 'Haircut, Shaving', 976, 'rahim138@gmail.com', '01559004181'),
(73, 25, 'Asif', '15', 5, 'worker_27.jpg', 'Haircut, Shaving', 971, 'asif892@gmail.com', '01915671571'),
(74, 35, 'Hasan', '10', 5, 'worker_68.jpg', 'Haircut, Shaving', 903, 'hasan897@gmail.com', '01724843599'),
(75, 91, 'Rahim', '17', 4, 'worker_62.jpg', 'Haircut, Shaving', 606, 'rahim257@gmail.com', '01778224189'),
(76, 82, 'Tariq', '11', 5, 'worker_67.jpg', 'Haircut, Shaving', 996, 'tariq556@gmail.com', '01686392354'),
(77, 63, 'Nadia', '18', 5, 'worker_89.jpg', 'Haircut, Shaving', 857, 'nadia647@gmail.com', '01813129172'),
(78, 64, 'Asif', '16', 5, 'worker_75.jpg', 'Haircut, Shaving', 341, 'asif432@gmail.com', '01723341498'),
(79, 70, 'Rashida', '13', 5, 'worker_9.jpg', 'Haircut, Shaving', 862, 'rashida10@gmail.com', '01968918952'),
(80, 72, 'Rina', '2', 4, 'worker_11.jpg', 'Haircut, Shaving', 466, 'rina168@gmail.com', '01531505275'),
(81, 55, 'Jhuma', '6', 4, 'worker_12.jpg', 'Haircut, Shaving', 742, 'jhuma509@gmail.com', '01544289266'),
(82, 61, 'Shakil', '4', 4, 'worker_22.jpg', 'Haircut, Shaving', 918, 'shakil326@gmail.com', '01527363130'),
(83, 6, 'Rakib', '5', 4, 'worker_2.jpg', 'Haircut, Shaving', 63, 'rakib783@gmail.com', '01621554015'),
(84, 86, 'Rafiqul', '17', 4, 'worker_51.jpg', 'Haircut, Shaving', 328, 'rafiqul737@gmail.com', '01733336342'),
(85, 85, 'Tanvir', '3', 4, 'worker_62.jpg', 'Haircut, Shaving', 719, 'tanvir349@gmail.com', '01947567716'),
(86, 23, 'Mokhles', '19', 5, 'worker_99.jpg', 'Haircut, Shaving', 99, 'mokhles917@gmail.com', '01940475202'),
(87, 99, 'Rashida', '10', 5, 'worker_56.jpg', 'Haircut, Shaving', 972, 'rashida689@gmail.com', '01511628964'),
(88, 1, 'Karim', '18', 5, 'worker_90.jpg', 'Haircut, Shaving', 352, 'karim895@gmail.com', '01949990854'),
(89, 29, 'Fahim', '9', 4, 'worker_9.jpg', 'Haircut, Shaving', 495, 'fahim579@gmail.com', '01685485033'),
(90, 20, 'Kamal', '7', 5, 'worker_12.jpg', 'Haircut, Shaving', 603, 'kamal452@gmail.com', '01867306378'),
(91, 55, 'Faruk', '9', 4, 'worker_29.jpg', 'Haircut, Shaving', 194, 'faruk216@gmail.com', '01659264794'),
(92, 25, 'Asif', '4', 4, 'worker_85.jpg', 'Haircut, Shaving', 746, 'asif264@gmail.com', '01838506386'),
(93, 7, 'Laila', '11', 4, 'worker_18.jpg', 'Haircut, Shaving', 181, 'laila422@gmail.com', '01659042051'),
(94, 63, 'Rakib', '12', 4, 'worker_6.jpg', 'Haircut, Shaving', 534, 'rakib912@gmail.com', '01990174512'),
(95, 26, 'Morshed', '7', 4, 'worker_8.jpg', 'Haircut, Shaving', 876, 'morshed52@gmail.com', '01688568761'),
(96, 3, 'Sakib', '15', 4, 'worker_4.jpg', 'Haircut, Shaving', 50, 'sakib537@gmail.com', '01947249305'),
(97, 62, 'Sakib', '3', 4, 'worker_94.jpg', 'Haircut, Shaving', 750, 'sakib643@gmail.com', '01662324239'),
(98, 97, 'Fahim', '4', 4, 'worker_94.jpg', 'Haircut, Shaving', 614, 'fahim738@gmail.com', '01822296855'),
(99, 43, 'Mamun', '3', 5, 'worker_24.jpg', 'Haircut, Shaving', 483, 'mamun824@gmail.com', '01538072729'),
(100, 36, 'Rahim', '9', 5, 'worker_46.jpg', 'Haircut, Shaving', 740, 'rahim460@gmail.com', '01737914257'),
(101, 16, 'Maruf', '12', 5, 'worker_54.jpg', 'Haircut, Shaving', 402, 'maruf565@gmail.com', '01785748654'),
(102, 74, 'Faruk', '20', 4, 'worker_53.jpg', 'Haircut, Shaving', 271, 'faruk806@gmail.com', '01644451495'),
(103, 6, 'Sohan', '10', 4, 'worker_23.jpg', 'Haircut, Shaving', 991, 'sohan410@gmail.com', '01840780215'),
(104, 101, 'Karim', '9', 4, 'worker_43.jpg', 'Haircut, Shaving', 597, 'karim566@gmail.com', '01855311496'),
(105, 90, 'Maruf', '19', 5, 'worker_99.jpg', 'Haircut, Shaving', 100, 'maruf521@gmail.com', '01690133959'),
(106, 79, 'Faruk', '19', 4, 'worker_66.jpg', 'Haircut, Shaving', 905, 'faruk309@gmail.com', '01957852399'),
(107, 87, 'Karim', '8', 4, 'worker_99.jpg', 'Haircut, Shaving', 890, 'karim808@gmail.com', '01684431112'),
(108, 104, 'Asif', '13', 4, 'worker_83.jpg', 'Haircut, Shaving', 901, 'asif871@gmail.com', '01942597846'),
(109, 53, 'Tariq', '13', 4, 'worker_50.jpg', 'Haircut, Shaving', 496, 'tariq977@gmail.com', '01977248234'),
(110, 28, 'Selina', '3', 4, 'worker_10.jpg', 'Haircut, Shaving', 130, 'selina475@gmail.com', '01850545407'),
(111, 101, 'Hasan', '6', 4, 'worker_46.jpg', 'Haircut, Shaving', 555, 'hasan567@gmail.com', '01837590117'),
(112, 48, 'Sakib', '20', 5, 'worker_56.jpg', 'Haircut, Shaving', 173, 'sakib671@gmail.com', '01791623564'),
(113, 10, 'Nadia', '19', 4, 'worker_79.jpg', 'Haircut, Shaving', 213, 'nadia775@gmail.com', '01885700593'),
(114, 55, 'Rashida', '7', 4, 'worker_75.jpg', 'Haircut, Shaving', 137, 'rashida542@gmail.com', '01663630164'),
(115, 89, 'Rafiqul', '14', 5, 'worker_31.jpg', 'Haircut, Shaving', 834, 'rafiqul305@gmail.com', '01572283508'),
(116, 3, 'Sakib', '4', 4, 'worker_37.jpg', 'Haircut, Shaving', 875, 'sakib85@gmail.com', '01839302779'),
(117, 33, 'Sajid', '13', 4, 'worker_14.jpg', 'Haircut, Shaving', 80, 'sajid316@gmail.com', '01810386088'),
(118, 88, 'Shakil', '18', 4, 'worker_3.jpg', 'Haircut, Shaving', 124, 'shakil461@gmail.com', '01529830272'),
(119, 27, 'Shakil', '16', 4, 'worker_19.jpg', 'Haircut, Shaving', 450, 'shakil936@gmail.com', '01522364390'),
(120, 36, 'Asif', '14', 5, 'worker_76.jpg', 'Haircut, Shaving', 358, 'asif399@gmail.com', '01561612688'),
(121, 54, 'Sohan', '10', 4, 'worker_45.jpg', 'Haircut, Shaving', 304, 'sohan516@gmail.com', '01516778753'),
(122, 11, 'Rina', '13', 4, 'worker_8.jpg', 'Haircut, Shaving', 566, 'rina873@gmail.com', '01889153889'),
(123, 101, 'Sakib', '3', 4, 'worker_100.jpg', 'Haircut, Shaving', 623, 'sakib474@gmail.com', '01586636535'),
(124, 77, 'Mitu', '10', 5, 'worker_80.jpg', 'Haircut, Shaving', 252, 'mitu48@gmail.com', '01653258754'),
(125, 71, 'Mamun', '15', 4, 'worker_97.jpg', 'Haircut, Shaving', 716, 'mamun618@gmail.com', '01979169184'),
(126, 5, 'Rashida', '20', 5, 'worker_30.jpg', 'Haircut, Shaving', 332, 'rashida310@gmail.com', '01624436745'),
(127, 8, 'Karim', '5', 4, 'worker_70.jpg', 'Haircut, Shaving', 151, 'karim855@gmail.com', '01689612309'),
(128, 74, 'Nadia', '4', 4, 'worker_42.jpg', 'Haircut, Shaving', 574, 'nadia159@gmail.com', '01788243900'),
(129, 80, 'Shakil', '6', 4, 'worker_33.jpg', 'Haircut, Shaving', 710, 'shakil260@gmail.com', '01571181126'),
(130, 12, 'Jamil', '2', 5, 'worker_78.jpg', 'Haircut, Shaving', 772, 'jamil476@gmail.com', '01997756680'),
(131, 69, 'Morsheda', '13', 4, 'worker_36.jpg', 'Haircut, Shaving', 722, 'morsheda221@gmail.com', '01635152221'),
(132, 84, 'Hasan', '11', 4, 'worker_63.jpg', 'Haircut, Shaving', 612, 'hasan838@gmail.com', '01999859370'),
(133, 85, 'Selina', '5', 4, 'worker_60.jpg', 'Haircut, Shaving', 435, 'selina655@gmail.com', '01851886816'),
(134, 34, 'Sajid', '3', 4, 'worker_13.jpg', 'Haircut, Shaving', 715, 'sajid182@gmail.com', '01971190326'),
(135, 63, 'Morshed', '3', 4, 'worker_87.jpg', 'Haircut, Shaving', 350, 'morshed149@gmail.com', '01843236695'),
(136, 24, 'Morshed', '12', 5, 'worker_72.jpg', 'Haircut, Shaving', 422, 'morshed397@gmail.com', '01568727803'),
(137, 71, 'Selina', '11', 5, 'worker_32.jpg', 'Haircut, Shaving', 801, 'selina587@gmail.com', '01636612085'),
(138, 103, 'Tariq', '6', 4, 'worker_78.jpg', 'Haircut, Shaving', 269, 'tariq924@gmail.com', '01939172251'),
(139, 28, 'Rina', '6', 5, 'worker_54.jpg', 'Haircut, Shaving', 443, 'rina183@gmail.com', '01792862054'),
(140, 27, 'Sakib', '20', 4, 'worker_60.jpg', 'Haircut, Shaving', 702, 'sakib801@gmail.com', '01969185688'),
(141, 34, 'Rina', '6', 4, 'worker_5.jpg', 'Haircut, Shaving', 524, 'rina529@gmail.com', '01788178976'),
(142, 75, 'Babul', '16', 4, 'worker_61.jpg', 'Haircut, Shaving', 458, 'babul129@gmail.com', '01835309739'),
(143, 84, 'Tanvir', '19', 4, 'worker_37.jpg', 'Haircut, Shaving', 176, 'tanvir273@gmail.com', '01683910726'),
(144, 16, 'Morsheda', '14', 4, 'worker_61.jpg', 'Haircut, Shaving', 948, 'morsheda538@gmail.com', '01814852262'),
(145, 73, 'Tanvir', '1', 4, 'worker_78.jpg', 'Haircut, Shaving', 939, 'tanvir413@gmail.com', '01978098961'),
(146, 59, 'Rina', '16', 4, 'worker_64.jpg', 'Haircut, Shaving', 613, 'rina754@gmail.com', '01822177015'),
(147, 68, 'Rafiqul', '20', 4, 'worker_100.jpg', 'Haircut, Shaving', 833, 'rafiqul886@gmail.com', '01798710970'),
(148, 3, 'Morshed', '1', 4, 'worker_2.jpg', 'Haircut, Shaving', 158, 'morshed337@gmail.com', '01561688224'),
(149, 78, 'Rafiqul', '2', 4, 'worker_77.jpg', 'Haircut, Shaving', 290, 'rafiqul197@gmail.com', '01594925874'),
(150, 74, 'Hasan', '18', 4, 'worker_97.jpg', 'Haircut, Shaving', 853, 'hasan742@gmail.com', '01974858186'),
(151, 3, 'Laila', '13', 5, 'worker_20.jpg', 'Haircut, Shaving', 306, 'laila307@gmail.com', '01857631056'),
(152, 65, 'Sajid', '17', 4, 'worker_16.jpg', 'Haircut, Shaving', 123, 'sajid181@gmail.com', '01663675142'),
(153, 49, 'Nadia', '19', 4, 'worker_76.jpg', 'Haircut, Shaving', 160, 'nadia873@gmail.com', '01945589301'),
(154, 26, 'Mamun', '14', 5, 'worker_23.jpg', 'Haircut, Shaving', 744, 'mamun428@gmail.com', '01828818644'),
(155, 54, 'Jhuma', '2', 5, 'worker_76.jpg', 'Haircut, Shaving', 187, 'jhuma970@gmail.com', '01858276313'),
(156, 69, 'Jhuma', '16', 5, 'worker_36.jpg', 'Haircut, Shaving', 795, 'jhuma670@gmail.com', '01977583626'),
(157, 62, 'Sakib', '8', 5, 'worker_7.jpg', 'Haircut, Shaving', 971, 'sakib743@gmail.com', '01697301026'),
(158, 99, 'Tanvir', '16', 5, 'worker_76.jpg', 'Haircut, Shaving', 764, 'tanvir49@gmail.com', '01876381808'),
(159, 10, 'Rina', '19', 5, 'worker_42.jpg', 'Haircut, Shaving', 417, 'rina688@gmail.com', '01646669993'),
(160, 104, 'Babul', '3', 4, 'worker_97.jpg', 'Haircut, Shaving', 602, 'babul402@gmail.com', '01546112143'),
(161, 66, 'Karim', '6', 4, 'worker_5.jpg', 'Haircut, Shaving', 282, 'karim257@gmail.com', '01673963272'),
(162, 52, 'Karim', '10', 5, 'worker_24.jpg', 'Haircut, Shaving', 560, 'karim344@gmail.com', '01611133466'),
(163, 80, 'Shakil', '20', 5, 'worker_64.jpg', 'Haircut, Shaving', 525, 'shakil583@gmail.com', '01510340587'),
(164, 91, 'Morsheda', '19', 4, 'worker_9.jpg', 'Haircut, Shaving', 594, 'morsheda735@gmail.com', '01835563782'),
(165, 93, 'Mamun', '12', 4, 'worker_34.jpg', 'Haircut, Shaving', 107, 'mamun794@gmail.com', '01545653748'),
(166, 99, 'Nadia', '16', 4, 'worker_72.jpg', 'Haircut, Shaving', 485, 'nadia603@gmail.com', '01629001355'),
(167, 51, 'Rashida', '17', 5, 'worker_60.jpg', 'Haircut, Shaving', 944, 'rashida138@gmail.com', '01518080365'),
(168, 61, 'Mitu', '17', 5, 'worker_37.jpg', 'Haircut, Shaving', 515, 'mitu155@gmail.com', '01984168566'),
(169, 16, 'Zakia', '8', 5, 'worker_27.jpg', 'Haircut, Shaving', 197, 'zakia17@gmail.com', '01912066794'),
(170, 91, 'Rahim', '17', 5, 'worker_31.jpg', 'Haircut, Shaving', 775, 'rahim462@gmail.com', '01542501656'),
(171, 94, 'Jamil', '6', 4, 'worker_83.jpg', 'Haircut, Shaving', 986, 'jamil752@gmail.com', '01640390069'),
(172, 63, 'Selina', '6', 4, 'worker_54.jpg', 'Haircut, Shaving', 692, 'selina601@gmail.com', '01699596898'),
(173, 7, 'Nadia', '10', 4, 'worker_27.jpg', 'Haircut, Shaving', 557, 'nadia930@gmail.com', '01976581003'),
(174, 28, 'Rakib', '1', 5, 'worker_87.jpg', 'Haircut, Shaving', 330, 'rakib661@gmail.com', '01685742224'),
(175, 70, 'Jamil', '6', 4, 'worker_89.jpg', 'Haircut, Shaving', 50, 'jamil609@gmail.com', '01510932026'),
(176, 55, 'Jhuma', '20', 5, 'worker_5.jpg', 'Haircut, Shaving', 530, 'jhuma452@gmail.com', '01564039232'),
(177, 104, 'Sohan', '16', 4, 'worker_40.jpg', 'Haircut, Shaving', 531, 'sohan429@gmail.com', '01532421325'),
(178, 69, 'Morsheda', '10', 4, 'worker_79.jpg', 'Haircut, Shaving', 699, 'morsheda395@gmail.com', '01653229985'),
(179, 68, 'Rakib', '9', 5, 'worker_21.jpg', 'Haircut, Shaving', 582, 'rakib404@gmail.com', '01731016229'),
(180, 38, 'Asif', '1', 4, 'worker_86.jpg', 'Haircut, Shaving', 311, 'asif255@gmail.com', '01738025555'),
(181, 7, 'Nadia', '14', 4, 'worker_40.jpg', 'Haircut, Shaving', 190, 'nadia644@gmail.com', '01963988359'),
(182, 97, 'Jamil', '16', 4, 'worker_43.jpg', 'Haircut, Shaving', 858, 'jamil731@gmail.com', '01874843360'),
(183, 33, 'Zakia', '4', 5, 'worker_46.jpg', 'Haircut, Shaving', 891, 'zakia866@gmail.com', '01855716677'),
(184, 44, 'Nadia', '12', 5, 'worker_90.jpg', 'Haircut, Shaving', 336, 'nadia801@gmail.com', '01664897928'),
(185, 27, 'Mamun', '8', 4, 'worker_9.jpg', 'Haircut, Shaving', 113, 'mamun627@gmail.com', '01810981180'),
(186, 93, 'Sajid', '3', 4, 'worker_2.jpg', 'Haircut, Shaving', 187, 'sajid965@gmail.com', '01689659957'),
(187, 77, 'Babul', '7', 4, 'worker_5.jpg', 'Haircut, Shaving', 502, 'babul597@gmail.com', '01883938830'),
(188, 25, 'Sohan', '17', 4, 'worker_83.jpg', 'Haircut, Shaving', 772, 'sohan949@gmail.com', '01527285972'),
(189, 34, 'Mitu', '15', 4, 'worker_80.jpg', 'Haircut, Shaving', 749, 'mitu101@gmail.com', '01694127903'),
(190, 74, 'Tanvir', '7', 4, 'worker_89.jpg', 'Haircut, Shaving', 555, 'tanvir988@gmail.com', '01931109540'),
(191, 16, 'Sohan', '20', 4, 'worker_56.jpg', 'Haircut, Shaving', 573, 'sohan456@gmail.com', '01979227879'),
(192, 45, 'Karim', '17', 5, 'worker_62.jpg', 'Haircut, Shaving', 900, 'karim379@gmail.com', '01938800847'),
(193, 65, 'Maruf', '18', 4, 'worker_16.jpg', 'Haircut, Shaving', 532, 'maruf827@gmail.com', '01528375524'),
(194, 42, 'Rakib', '19', 4, 'worker_12.jpg', 'Haircut, Shaving', 609, 'rakib890@gmail.com', '01762601588'),
(195, 11, 'Fahim', '16', 4, 'worker_45.jpg', 'Haircut, Shaving', 389, 'fahim570@gmail.com', '01652326415'),
(196, 5, 'Laila', '17', 4, 'worker_25.jpg', 'Haircut, Shaving', 588, 'laila310@gmail.com', '01913761389'),
(197, 1, 'Sakib', '19', 4, 'worker_38.jpg', 'Haircut, Shaving', 974, 'sakib321@gmail.com', '01552902536'),
(198, 65, 'Mitu', '10', 5, 'worker_21.jpg', 'Haircut, Shaving', 120, 'mitu504@gmail.com', '01718800197'),
(199, 40, 'Karim', '17', 5, 'worker_79.jpg', 'Haircut, Shaving', 99, 'karim107@gmail.com', '01675001691'),
(200, 101, 'Sakib', '7', 5, 'worker_39.jpg', 'Haircut, Shaving', 974, 'sakib445@gmail.com', '01861936970'),
(201, 41, 'Sakib', '4', 4, 'worker_73.jpg', 'Haircut, Shaving', 78, 'sakib747@gmail.com', '01792536706'),
(202, 54, 'Asif', '10', 4, 'worker_44.jpg', 'Haircut, Shaving', 580, 'asif165@gmail.com', '01877005861'),
(203, 42, 'Babul', '3', 5, 'worker_65.jpg', 'Haircut, Shaving', 351, 'babul823@gmail.com', '01971275483'),
(204, 35, 'Mamun', '6', 4, 'worker_29.jpg', 'Haircut, Shaving', 424, 'mamun543@gmail.com', '01723617337'),
(205, 93, 'Mokhles', '5', 4, 'worker_49.jpg', 'Haircut, Shaving', 701, 'mokhles849@gmail.com', '01527688023'),
(206, 3, 'Mitu', '10', 4, 'worker_83.jpg', 'Haircut, Shaving', 644, 'mitu186@gmail.com', '01790176559'),
(207, 58, 'Faruk', '14', 5, 'worker_38.jpg', 'Haircut, Shaving', 314, 'faruk786@gmail.com', '01953311706'),
(208, 89, 'Babul', '1', 4, 'worker_27.jpg', 'Haircut, Shaving', 822, 'babul906@gmail.com', '01616371490'),
(209, 2, 'Rashida', '12', 4, '459354816_122173100240132501_6048443953651796873_n.jpg', 'Haircut, Shaving', 357, 'rashida519@gmail.com', '01617540058'),
(210, 41, 'Babul', '7', 4, 'worker_67.jpg', 'Haircut, Shaving', 930, 'babul601@gmail.com', '01982976021'),
(211, 26, 'Rafiqul', '13', 4, 'worker_86.jpg', 'Haircut, Shaving', 792, 'rafiqul473@gmail.com', '01757458346'),
(212, 103, 'Mokhles', '14', 5, 'worker_38.jpg', 'Haircut, Shaving', 569, 'mokhles285@gmail.com', '01651538540'),
(213, 95, 'Sajid', '5', 4, 'worker_74.jpg', 'Haircut, Shaving', 205, 'sajid802@gmail.com', '01836764704'),
(214, 63, 'Hasan', '7', 4, 'worker_13.jpg', 'Haircut, Shaving', 546, 'hasan823@gmail.com', '01564699859'),
(215, 69, 'Rina', '7', 4, 'worker_58.jpg', 'Haircut, Shaving', 878, 'rina215@gmail.com', '01785948739'),
(216, 4, 'Faruk', '17', 4, 'worker_75.jpg', 'Haircut, Shaving', 217, 'faruk42@gmail.com', '01733626060'),
(217, 61, 'Rahim', '14', 5, 'worker_17.jpg', 'Haircut, Shaving', 728, 'rahim253@gmail.com', '01766091195'),
(218, 7, 'Mamun', '11', 5, 'worker_63.jpg', 'Haircut, Shaving', 295, 'mamun783@gmail.com', '01720577113'),
(219, 79, 'Tanvir', '14', 4, 'worker_65.jpg', 'Haircut, Shaving', 189, 'tanvir824@gmail.com', '01847310763'),
(220, 8, 'Asif', '3', 4, 'worker_95.jpg', 'Haircut, Shaving', 709, 'asif122@gmail.com', '01930459615'),
(221, 8, 'Jamil', '18', 4, 'worker_52.jpg', 'Haircut, Shaving', 429, 'jamil919@gmail.com', '01941231462'),
(222, 64, 'Rafiqul', '20', 4, 'worker_55.jpg', 'Haircut, Shaving', 200, 'rafiqul126@gmail.com', '01679619818'),
(223, 12, 'Sohan', '5', 4, 'worker_40.jpg', 'Haircut, Shaving', 403, 'sohan542@gmail.com', '01938651893'),
(224, 35, 'Zakia', '4', 4, 'worker_52.jpg', 'Haircut, Shaving', 135, 'zakia705@gmail.com', '01981119750'),
(225, 42, 'Tariq', '17', 4, 'worker_22.jpg', 'Haircut, Shaving', 930, 'tariq118@gmail.com', '01820291210'),
(226, 67, 'Kamal', '17', 5, 'worker_23.jpg', 'Haircut, Shaving', 593, 'kamal965@gmail.com', '01571294029'),
(227, 45, 'Babul', '15', 4, 'worker_3.jpg', 'Haircut, Shaving', 237, 'babul256@gmail.com', '01511586784'),
(228, 91, 'Tanvir', '10', 4, 'worker_38.jpg', 'Haircut, Shaving', 229, 'tanvir218@gmail.com', '01866873407'),
(229, 25, 'Sakib', '8', 4, 'worker_68.jpg', 'Haircut, Shaving', 148, 'sakib367@gmail.com', '01898378464'),
(230, 25, 'Sajid', '8', 5, 'worker_15.jpg', 'Haircut, Shaving', 850, 'sajid257@gmail.com', '01826724072'),
(231, 84, 'Morsheda', '15', 5, 'worker_62.jpg', 'Haircut, Shaving', 876, 'morsheda424@gmail.com', '01998487921'),
(232, 67, 'Sajid', '2', 5, 'worker_4.jpg', 'Haircut, Shaving', 713, 'sajid649@gmail.com', '01713051821'),
(233, 71, 'Maruf', '6', 5, 'worker_85.jpg', 'Haircut, Shaving', 781, 'maruf528@gmail.com', '01979100547'),
(234, 90, 'Sakib', '9', 4, 'worker_25.jpg', 'Haircut, Shaving', 495, 'sakib627@gmail.com', '01877205673'),
(235, 96, 'Faruk', '2', 4, 'worker_2.jpg', 'Haircut, Shaving', 737, 'faruk484@gmail.com', '01840346782'),
(236, 45, 'Karim', '7', 5, 'worker_61.jpg', 'Haircut, Shaving', 144, 'karim182@gmail.com', '01813936597'),
(237, 47, 'Mokhles', '19', 5, 'worker_11.jpg', 'Haircut, Shaving', 767, 'mokhles571@gmail.com', '01992325632'),
(238, 17, 'Fahim', '20', 4, 'worker_93.jpg', 'Haircut, Shaving', 724, 'fahim723@gmail.com', '01687720284'),
(239, 97, 'Rahim', '1', 5, 'worker_84.jpg', 'Haircut, Shaving', 93, 'rahim447@gmail.com', '01576021326'),
(240, 8, 'Kamal', '6', 5, 'worker_21.jpg', 'Haircut, Shaving', 546, 'kamal214@gmail.com', '01978326320'),
(241, 52, 'Nadia', '6', 4, 'worker_17.jpg', 'Haircut, Shaving', 446, 'nadia701@gmail.com', '01765882788'),
(242, 31, 'Rashida', '9', 4, 'worker_27.jpg', 'Haircut, Shaving', 148, 'rashida402@gmail.com', '01624067598'),
(243, 62, 'Rafiqul', '14', 4, 'worker_51.jpg', 'Haircut, Shaving', 74, 'rafiqul971@gmail.com', '01581165580'),
(244, 8, 'Mitu', '9', 4, 'worker_8.jpg', 'Haircut, Shaving', 998, 'mitu875@gmail.com', '01948040144'),
(245, 82, 'Mitu', '4', 4, 'worker_94.jpg', 'Haircut, Shaving', 121, 'mitu226@gmail.com', '01559482277'),
(246, 31, 'Morshed', '19', 4, 'worker_84.jpg', 'Haircut, Shaving', 971, 'morshed504@gmail.com', '01564237100'),
(247, 88, 'Hasan', '11', 4, 'worker_8.jpg', 'Haircut, Shaving', 941, 'hasan805@gmail.com', '01566181151'),
(248, 3, 'Rina', '8', 4, 'worker_58.jpg', 'Haircut, Shaving', 205, 'rina443@gmail.com', '01736464479'),
(249, 99, 'Morshed', '18', 5, 'worker_20.jpg', 'Haircut, Shaving', 232, 'morshed495@gmail.com', '01820413943'),
(250, 59, 'Rafiqul', '1', 5, 'worker_27.jpg', 'Haircut, Shaving', 880, 'rafiqul64@gmail.com', '01626174126'),
(251, 17, 'Mamun', '14', 4, 'worker_93.jpg', 'Haircut, Shaving', 281, 'mamun375@gmail.com', '01849217820'),
(252, 97, 'Jamil', '5', 5, 'worker_48.jpg', 'Haircut, Shaving', 80, 'jamil62@gmail.com', '01777003536'),
(253, 77, 'Selina', '20', 4, 'worker_5.jpg', 'Haircut, Shaving', 340, 'selina172@gmail.com', '01730842209'),
(254, 25, 'Sakib', '9', 4, 'worker_94.jpg', 'Haircut, Shaving', 992, 'sakib269@gmail.com', '01965297107'),
(255, 87, 'Morshed', '9', 5, 'worker_99.jpg', 'Haircut, Shaving', 925, 'morshed371@gmail.com', '01776200977'),
(256, 63, 'Kamal', '16', 5, 'worker_72.jpg', 'Haircut, Shaving', 431, 'kamal742@gmail.com', '01877561943'),
(257, 98, 'Sohan', '2', 4, 'worker_49.jpg', 'Haircut, Shaving', 959, 'sohan908@gmail.com', '01630022181'),
(258, 26, 'Tanvir', '8', 4, 'worker_26.jpg', 'Haircut, Shaving', 570, 'tanvir879@gmail.com', '01575889340'),
(259, 59, 'Selina', '16', 5, 'worker_31.jpg', 'Haircut, Shaving', 795, 'selina786@gmail.com', '01943953832'),
(260, 52, 'Maruf', '20', 5, 'worker_73.jpg', 'Haircut, Shaving', 192, 'maruf815@gmail.com', '01661152231'),
(261, 28, 'Tariq', '19', 5, 'worker_21.jpg', 'Haircut, Shaving', 477, 'tariq373@gmail.com', '01556480825'),
(262, 85, 'Kamal', '4', 5, 'worker_27.jpg', 'Haircut, Shaving', 124, 'kamal634@gmail.com', '01978325680'),
(263, 72, 'Rafiqul', '16', 4, 'worker_85.jpg', 'Haircut, Shaving', 887, 'rafiqul383@gmail.com', '01847424901'),
(264, 34, 'Mitu', '18', 4, 'worker_22.jpg', 'Haircut, Shaving', 409, 'mitu218@gmail.com', '01788189465'),
(265, 56, 'Morshed', '7', 4, 'worker_65.jpg', 'Haircut, Shaving', 633, 'morshed512@gmail.com', '01649831572'),
(266, 97, 'Rina', '15', 4, 'worker_35.jpg', 'Haircut, Shaving', 534, 'rina140@gmail.com', '01691312895'),
(267, 27, 'Selina', '18', 5, 'worker_30.jpg', 'Haircut, Shaving', 575, 'selina48@gmail.com', '01617979924'),
(268, 78, 'Selina', '4', 5, 'worker_52.jpg', 'Haircut, Shaving', 437, 'selina681@gmail.com', '01768957533'),
(269, 50, 'Sakib', '20', 5, 'worker_94.jpg', 'Haircut, Shaving', 571, 'sakib724@gmail.com', '01560087207'),
(270, 45, 'Rahim', '20', 4, 'worker_5.jpg', 'Haircut, Shaving', 414, 'rahim855@gmail.com', '01817594164'),
(271, 105, 'Babul', '11', 4, 'worker_67.jpg', 'Haircut, Shaving', 521, 'babul723@gmail.com', '01993485851'),
(272, 24, 'Mamun', '16', 4, 'worker_30.jpg', 'Haircut, Shaving', 52, 'mamun222@gmail.com', '01520724224'),
(273, 70, 'Laila', '9', 4, 'worker_13.jpg', 'Haircut, Shaving', 983, 'laila91@gmail.com', '01748796897'),
(274, 24, 'Karim', '2', 5, 'worker_14.jpg', 'Haircut, Shaving', 613, 'karim826@gmail.com', '01682090857'),
(275, 48, 'Tariq', '2', 4, 'worker_91.jpg', 'Haircut, Shaving', 857, 'tariq328@gmail.com', '01831539705'),
(276, 35, 'Mokhles', '20', 4, 'worker_42.jpg', 'Haircut, Shaving', 995, 'mokhles981@gmail.com', '01714224126'),
(277, 88, 'Faruk', '12', 4, 'worker_76.jpg', 'Haircut, Shaving', 902, 'faruk511@gmail.com', '01674640484'),
(278, 76, 'Mitu', '10', 5, 'worker_70.jpg', 'Haircut, Shaving', 430, 'mitu584@gmail.com', '01978882555'),
(279, 14, 'Rashida', '6', 5, 'worker_94.jpg', 'Haircut, Shaving', 255, 'rashida683@gmail.com', '01625025480'),
(280, 36, 'Fahim', '16', 4, 'worker_34.jpg', 'Haircut, Shaving', 262, 'fahim161@gmail.com', '01987236247'),
(281, 79, 'Fahim', '2', 5, 'worker_83.jpg', 'Haircut, Shaving', 138, 'fahim638@gmail.com', '01824074769'),
(282, 85, 'Asif', '9', 4, 'worker_30.jpg', 'Haircut, Shaving', 448, 'asif506@gmail.com', '01793434240'),
(283, 2, 'Hasan', '18', 4, '457223079_517153150898418_3211052444104301597_n.jpg', 'Haircut, Shaving', 228, 'hasan115@gmail.com', '01721659465'),
(284, 81, 'Mamun', '19', 5, 'worker_68.jpg', 'Haircut, Shaving', 175, 'mamun610@gmail.com', '01730858326'),
(285, 33, 'Laila', '13', 5, 'worker_24.jpg', 'Haircut, Shaving', 431, 'laila171@gmail.com', '01794909041'),
(286, 77, 'Rakib', '10', 4, 'worker_6.jpg', 'Haircut, Shaving', 127, 'rakib579@gmail.com', '01892220742'),
(287, 22, 'Morsheda', '5', 4, 'worker_55.jpg', 'Haircut, Shaving', 510, 'morsheda208@gmail.com', '01536073094'),
(288, 53, 'Zakia', '1', 5, 'worker_19.jpg', 'Haircut, Shaving', 831, 'zakia960@gmail.com', '01528182835'),
(289, 70, 'Rina', '16', 4, 'worker_18.jpg', 'Haircut, Shaving', 767, 'rina138@gmail.com', '01819535510'),
(290, 82, 'Rakib', '20', 5, 'worker_69.jpg', 'Haircut, Shaving', 737, 'rakib480@gmail.com', '01994489538'),
(291, 10, 'Jhuma', '13', 5, 'worker_25.jpg', 'Haircut, Shaving', 525, 'jhuma717@gmail.com', '01919353693'),
(292, 93, 'Asif', '11', 4, 'worker_16.jpg', 'Haircut, Shaving', 660, 'asif703@gmail.com', '01886974883'),
(293, 23, 'Rafiqul', '10', 4, 'worker_9.jpg', 'Haircut, Shaving', 659, 'rafiqul414@gmail.com', '01616144823'),
(294, 10, 'Jamil', '11', 4, 'worker_53.jpg', 'Haircut, Shaving', 729, 'jamil173@gmail.com', '01637410220'),
(295, 20, 'Jamil', '12', 5, 'worker_44.jpg', 'Haircut, Shaving', 142, 'jamil958@gmail.com', '01931292400'),
(296, 28, 'Mitu', '20', 4, 'worker_78.jpg', 'Haircut, Shaving', 651, 'mitu714@gmail.com', '01962385290'),
(297, 25, 'Mamun', '18', 5, 'worker_27.jpg', 'Haircut, Shaving', 192, 'mamun719@gmail.com', '01657347520'),
(298, 91, 'Sakib', '1', 5, 'worker_35.jpg', 'Haircut, Shaving', 514, 'sakib191@gmail.com', '01695408272'),
(299, 92, 'Asif', '9', 4, 'worker_59.jpg', 'Haircut, Shaving', 886, 'asif834@gmail.com', '01514001077'),
(300, 94, 'Rina', '11', 5, 'worker_20.jpg', 'Haircut, Shaving', 697, 'rina160@gmail.com', '01617295445'),
(301, 52, 'Nadia', '1', 4, 'worker_24.jpg', 'Haircut, Shaving', 92, 'nadia844@gmail.com', '01567799611'),
(302, 4, 'Kamal', '18', 4, 'worker_15.jpg', 'Haircut, Shaving', 891, 'kamal827@gmail.com', '01797241094'),
(303, 54, 'Kamal', '19', 5, 'worker_67.jpg', 'Haircut, Shaving', 463, 'kamal362@gmail.com', '01810574659'),
(304, 58, 'Mamun', '5', 4, 'worker_35.jpg', 'Haircut, Shaving', 53, 'mamun519@gmail.com', '01633744765'),
(305, 69, 'Rahim', '8', 4, 'worker_46.jpg', 'Haircut, Shaving', 864, 'rahim357@gmail.com', '01512694443'),
(306, 14, 'Hasan', '11', 5, 'worker_18.jpg', 'Haircut, Shaving', 687, 'hasan381@gmail.com', '01986352142'),
(307, 32, 'Jamil', '4', 4, 'worker_22.jpg', 'Haircut, Shaving', 890, 'jamil224@gmail.com', '01863369816'),
(308, 41, 'Mokhles', '16', 5, 'worker_51.jpg', 'Haircut, Shaving', 346, 'mokhles962@gmail.com', '01510730402'),
(309, 22, 'Rafiqul', '18', 4, 'worker_58.jpg', 'Haircut, Shaving', 488, 'rafiqul751@gmail.com', '01770588904'),
(310, 8, 'Rina', '18', 5, 'worker_5.jpg', 'Haircut, Shaving', 897, 'rina429@gmail.com', '01833282998'),
(311, 15, 'Babul', '6', 5, 'worker_7.jpg', 'Haircut, Shaving', 181, 'babul912@gmail.com', '01980840019'),
(312, 19, 'Tariq', '9', 4, 'worker_48.jpg', 'Haircut, Shaving', 298, 'tariq791@gmail.com', '01999700359'),
(313, 75, 'Shakil', '10', 4, 'worker_46.jpg', 'Haircut, Shaving', 475, 'shakil212@gmail.com', '01670114879'),
(314, 38, 'Rafiqul', '13', 5, 'worker_62.jpg', 'Haircut, Shaving', 472, 'rafiqul811@gmail.com', '01614774844'),
(315, 8, 'Sakib', '17', 4, 'worker_45.jpg', 'Haircut, Shaving', 229, 'sakib485@gmail.com', '01998831272'),
(316, 90, 'Sakib', '13', 4, 'worker_8.jpg', 'Haircut, Shaving', 63, 'sakib281@gmail.com', '01727254044'),
(317, 36, 'Maruf', '13', 4, 'worker_86.jpg', 'Haircut, Shaving', 571, 'maruf250@gmail.com', '01956096987'),
(318, 12, 'Babul', '20', 5, 'worker_9.jpg', 'Haircut, Shaving', 58, 'babul52@gmail.com', '01833610745'),
(319, 68, 'Morshed', '16', 5, 'worker_100.jpg', 'Haircut, Shaving', 903, 'morshed350@gmail.com', '01633002710'),
(320, 48, 'Mitu', '1', 4, 'worker_47.jpg', 'Haircut, Shaving', 917, 'mitu368@gmail.com', '01623458430'),
(321, 53, 'Morshed', '14', 5, 'worker_28.jpg', 'Haircut, Shaving', 342, 'morshed258@gmail.com', '01966198722'),
(322, 15, 'Rahim', '3', 4, 'worker_1.jpg', 'Haircut, Shaving', 680, 'rahim429@gmail.com', '01652235185'),
(323, 13, 'Hasan', '18', 4, 'worker_12.jpg', 'Haircut, Shaving', 662, 'hasan652@gmail.com', '01731593512'),
(324, 26, 'Hasan', '4', 4, 'worker_4.jpg', 'Haircut, Shaving', 674, 'hasan959@gmail.com', '01612983242'),
(325, 63, 'Rina', '18', 4, 'worker_27.jpg', 'Haircut, Shaving', 688, 'rina692@gmail.com', '01633337078'),
(326, 81, 'Fahim', '4', 4, 'worker_35.jpg', 'Haircut, Shaving', 233, 'fahim628@gmail.com', '01963957619'),
(327, 37, 'Sakib', '9', 4, 'worker_66.jpg', 'Haircut, Shaving', 407, 'sakib584@gmail.com', '01547810422'),
(328, 19, 'Morshed', '4', 4, 'worker_61.jpg', 'Haircut, Shaving', 477, 'morshed673@gmail.com', '01788773934'),
(329, 86, 'Hasan', '12', 4, 'worker_17.jpg', 'Haircut, Shaving', 279, 'hasan871@gmail.com', '01788150309'),
(330, 55, 'Morshed', '18', 5, 'worker_85.jpg', 'Haircut, Shaving', 244, 'morshed559@gmail.com', '01945822148'),
(331, 72, 'Morshed', '19', 5, 'worker_42.jpg', 'Haircut, Shaving', 281, 'morshed476@gmail.com', '01765349941'),
(332, 62, 'Laila', '3', 5, 'worker_76.jpg', 'Haircut, Shaving', 69, 'laila99@gmail.com', '01845356119'),
(333, 5, 'Morshed', '9', 4, 'worker_3.jpg', 'Haircut, Shaving', 387, 'morshed981@gmail.com', '01953227320'),
(334, 71, 'Faruk', '11', 4, 'worker_97.jpg', 'Haircut, Shaving', 931, 'faruk868@gmail.com', '01945668670'),
(335, 15, 'Jhuma', '15', 4, 'worker_23.jpg', 'Haircut, Shaving', 390, 'jhuma351@gmail.com', '01975727511'),
(336, 61, 'Babul', '16', 4, 'worker_24.jpg', 'Haircut, Shaving', 399, 'babul183@gmail.com', '01532811610'),
(337, 97, 'Hasan', '2', 4, 'worker_84.jpg', 'Haircut, Shaving', 300, 'hasan134@gmail.com', '01676667128'),
(338, 65, 'Zakia', '15', 4, 'worker_7.jpg', 'Haircut, Shaving', 831, 'zakia954@gmail.com', '01970986999'),
(339, 76, 'Sohan', '15', 4, 'worker_46.jpg', 'Haircut, Shaving', 246, 'sohan470@gmail.com', '01760682693'),
(340, 61, 'Laila', '18', 4, 'worker_76.jpg', 'Haircut, Shaving', 459, 'laila185@gmail.com', '01835112633'),
(341, 82, 'Mitu', '11', 4, 'worker_1.jpg', 'Haircut, Shaving', 492, 'mitu453@gmail.com', '01871111465'),
(342, 57, 'Kamal', '10', 4, 'worker_60.jpg', 'Haircut, Shaving', 896, 'kamal10@gmail.com', '01573755030'),
(343, 92, 'Babul', '6', 4, 'worker_13.jpg', 'Haircut, Shaving', 693, 'babul4@gmail.com', '01584161066'),
(344, 26, 'Karim', '4', 4, 'worker_74.jpg', 'Haircut, Shaving', 694, 'karim790@gmail.com', '01876428092'),
(345, 53, 'Shakil', '2', 5, 'worker_88.jpg', 'Haircut, Shaving', 774, 'shakil403@gmail.com', '01810948642'),
(346, 8, 'Kamal', '2', 4, 'worker_72.jpg', 'Haircut, Shaving', 305, 'kamal938@gmail.com', '01644415890'),
(347, 33, 'Zakia', '17', 4, 'worker_28.jpg', 'Haircut, Shaving', 207, 'zakia114@gmail.com', '01946728383'),
(348, 84, 'Rashida', '14', 5, 'worker_21.jpg', 'Haircut, Shaving', 387, 'rashida898@gmail.com', '01642507952'),
(349, 31, 'Kamal', '9', 4, 'worker_7.jpg', 'Haircut, Shaving', 984, 'kamal306@gmail.com', '01665509143'),
(350, 23, 'Morsheda', '6', 4, 'worker_54.jpg', 'Haircut, Shaving', 255, 'morsheda818@gmail.com', '01716545364'),
(351, 63, 'Rina', '16', 4, 'worker_9.jpg', 'Haircut, Shaving', 75, 'rina74@gmail.com', '01839335121'),
(352, 15, 'Rafiqul', '4', 5, 'worker_56.jpg', 'Haircut, Shaving', 522, 'rafiqul458@gmail.com', '01822873912'),
(353, 46, 'Rahim', '7', 4, 'worker_48.jpg', 'Haircut, Shaving', 580, 'rahim426@gmail.com', '01540378737'),
(354, 21, 'Sohan', '8', 4, 'worker_71.jpg', 'Haircut, Shaving', 443, 'sohan256@gmail.com', '01910273011'),
(355, 1, 'Tariq', '17', 4, 'worker_72.jpg', 'Haircut, Shaving', 716, 'tariq460@gmail.com', '01978090682'),
(356, 32, 'Zakia', '6', 4, 'worker_69.jpg', 'Haircut, Shaving', 866, 'zakia133@gmail.com', '01790784743'),
(357, 22, 'Morsheda', '12', 4, 'worker_59.jpg', 'Haircut, Shaving', 666, 'morsheda518@gmail.com', '01991506100'),
(358, 15, 'Faruk', '15', 4, 'worker_28.jpg', 'Haircut, Shaving', 322, 'faruk65@gmail.com', '01720169206'),
(359, 72, 'Nadia', '12', 5, 'worker_46.jpg', 'Haircut, Shaving', 961, 'nadia638@gmail.com', '01773199775'),
(360, 35, 'Laila', '7', 5, 'worker_75.jpg', 'Haircut, Shaving', 950, 'laila282@gmail.com', '01974071366'),
(361, 84, 'Rakib', '15', 5, 'worker_51.jpg', 'Haircut, Shaving', 232, 'rakib600@gmail.com', '01589859355'),
(362, 64, 'Laila', '9', 5, 'worker_52.jpg', 'Haircut, Shaving', 101, 'laila281@gmail.com', '01921302185'),
(363, 61, 'Mokhles', '2', 5, 'worker_37.jpg', 'Haircut, Shaving', 939, 'mokhles182@gmail.com', '01963675074'),
(364, 102, 'Selina', '11', 4, 'worker_38.jpg', 'Haircut, Shaving', 738, 'selina875@gmail.com', '01770611331'),
(365, 14, 'Mitu', '17', 5, 'worker_99.jpg', 'Haircut, Shaving', 191, 'mitu11@gmail.com', '01667346122'),
(366, 29, 'Mitu', '9', 4, 'worker_35.jpg', 'Haircut, Shaving', 237, 'mitu276@gmail.com', '01970930285'),
(367, 44, 'Fahim', '14', 5, 'worker_57.jpg', 'Haircut, Shaving', 368, 'fahim383@gmail.com', '01588142452'),
(368, 7, 'Babul', '13', 4, 'worker_17.jpg', 'Haircut, Shaving', 474, 'babul424@gmail.com', '01967146622'),
(369, 121, 'Md Rakibul islam', '1', 2, '461491032_503456282498761_7392261094945855618_n.jpg', ',Sauna,Facials (Regular/ Deep Cleansing/ Anti-aging/ etc.)', 3, 'rakib151p@gmail.com', '+8801794706582'),
(370, 121, 'Md rahdul islam', '3', 0, 'right.png', ',Mud Baths,Sauna', 0, 'rahad123@gmail.com', '+880179470582'),
(371, 121, 'Md rakiibul Islam', '2', 0, NULL, 'Facials (Regular/ Deep Cleansing/ Anti-aging/ etc.), Sauna, Mud Baths, Nutritional Counseling', 0, 'rakib151p@gmail.com', '01571046594'),
(377, 121, 'jisan', '2', 0, NULL, 'Facials (Regular/ Deep Cleansing/ Anti-aging/ etc.), Sauna', 0, 'jisan@gmail.com', '01571046594'),
(378, 121, 'Ahaduzzaman', '2', 0, NULL, 'Facials (Regular/ Deep Cleansing/ Anti-aging/ etc.), Mud Baths', 0, 'admin@radienthub.com', '01571046594'),
(379, 122, 'minar', '3', 0, NULL, ',Steam Room,Hydrotherapy (Whirlpool/ Jacuzzi)', 0, 'minar@gmail.com', '+8801794706582'),
(380, 123, 'Md Rakibul islam', '1', 0, NULL, ',Hair Coloring,Hair Styling', 0, 'rakib151p@gmail.com', '+8801794706582'),
(381, 123, 'Md rahadul islam', '2', 0, NULL, ',Hair Styling,Hair Treatments (Deep conditioning/ Keratin treatment/ etc.)', 0, 'rahad151p@gmail.com', '+8801794706582'),
(382, 123, 'Md Ariful islam', '2.5', 0, NULL, ',Hair Coloring,Hair Treatments (Deep conditioning/ Keratin treatment/ etc.)', 0, 'arif@gmail.com', '+8801794706582');

-- --------------------------------------------------------

--
-- Table structure for table `worker_expertise`
--

CREATE TABLE `worker_expertise` (
  `worker_id` int(11) NOT NULL,
  `item_id` int(11) NOT NULL
) ENGINE=InnoDB DEFAULT CHARSET=utf8mb4 COLLATE=utf8mb4_general_ci;

--
-- Dumping data for table `worker_expertise`
--

INSERT INTO `worker_expertise` (`worker_id`, `item_id`) VALUES
(1, 17),
(2, 37),
(3, 37),
(4, 16),
(5, 31),
(6, 6),
(7, 32),
(8, 22),
(9, 15),
(10, 4),
(11, 6),
(12, 6),
(13, 4),
(14, 14),
(15, 19),
(16, 29),
(17, 4),
(18, 28),
(19, 46),
(20, 47),
(21, 17),
(22, 12),
(23, 12),
(24, 46),
(25, 29),
(26, 37),
(27, 38),
(28, 22),
(29, 36),
(30, 39),
(31, 16),
(32, 38),
(33, 13),
(34, 39),
(35, 43),
(36, 20),
(37, 6),
(38, 5),
(39, 32),
(40, 4),
(41, 46),
(42, 42),
(43, 7),
(44, 22),
(45, 15),
(46, 9),
(47, 34),
(48, 40),
(49, 22),
(50, 19),
(51, 33),
(52, 31),
(53, 10),
(54, 2),
(55, 23),
(56, 34),
(57, 49),
(58, 9),
(59, 34),
(60, 23),
(61, 28),
(62, 10),
(63, 41),
(64, 15),
(65, 30),
(66, 30),
(67, 9),
(68, 19),
(69, 49),
(70, 13),
(71, 38),
(72, 38),
(73, 36),
(74, 7),
(75, 44),
(76, 9),
(77, 36),
(78, 5),
(79, 46),
(80, 6),
(81, 45),
(82, 30),
(83, 23),
(84, 31),
(85, 16),
(86, 37),
(87, 50),
(88, 14),
(89, 44),
(90, 38),
(91, 48),
(92, 49),
(93, 49),
(94, 44),
(95, 28),
(96, 9),
(97, 23),
(98, 15),
(99, 38),
(100, 15),
(101, 50),
(102, 37),
(103, 27),
(104, 22),
(105, 42),
(106, 37),
(107, 15),
(108, 25),
(109, 2),
(110, 19),
(111, 37),
(112, 29),
(113, 8),
(114, 20),
(115, 29),
(116, 48),
(117, 9),
(118, 14),
(119, 44),
(120, 1),
(121, 8),
(122, 25),
(123, 26),
(124, 21),
(125, 4),
(126, 24),
(127, 47),
(128, 47),
(129, 4),
(130, 39),
(131, 10),
(132, 18),
(133, 21),
(134, 27),
(135, 25),
(136, 7),
(137, 47),
(138, 7),
(139, 47),
(140, 39),
(141, 17),
(142, 12),
(143, 32),
(144, 30),
(145, 48),
(146, 7),
(147, 25),
(148, 48),
(149, 28),
(150, 19),
(151, 20),
(152, 46),
(153, 40),
(154, 41),
(155, 15),
(156, 46),
(157, 23),
(158, 35),
(159, 18),
(160, 15),
(161, 45),
(162, 31),
(163, 9),
(164, 35),
(165, 49),
(166, 49),
(167, 6),
(168, 46),
(169, 13),
(170, 9),
(171, 32),
(172, 31),
(173, 25),
(174, 4),
(175, 18),
(176, 24),
(177, 16),
(178, 33),
(179, 36),
(180, 18),
(181, 30),
(182, 29),
(183, 40),
(184, 34),
(185, 31),
(186, 15),
(187, 14),
(188, 4),
(189, 34),
(190, 33),
(191, 34),
(192, 12),
(193, 22),
(194, 18),
(195, 27),
(196, 15),
(197, 32),
(198, 45),
(199, 31),
(200, 21),
(201, 21),
(202, 43),
(203, 50),
(204, 31),
(205, 29),
(206, 27),
(207, 39),
(208, 49),
(209, 35),
(210, 49),
(211, 22),
(212, 27),
(213, 38),
(214, 17),
(215, 20),
(216, 4),
(217, 18),
(218, 31),
(219, 6),
(220, 44),
(221, 35),
(222, 32),
(223, 28),
(224, 49),
(225, 30),
(226, 14),
(227, 50),
(228, 27),
(229, 5),
(230, 44),
(231, 11),
(232, 8),
(233, 37),
(234, 44),
(235, 22),
(236, 43),
(237, 25),
(238, 32),
(239, 41),
(240, 13),
(241, 30),
(242, 27),
(243, 50),
(244, 5),
(245, 34),
(246, 7),
(247, 7),
(248, 37),
(249, 43),
(250, 20),
(251, 24),
(252, 34),
(253, 30),
(254, 17),
(255, 32),
(256, 29),
(257, 50),
(258, 12),
(259, 48),
(260, 47),
(261, 50),
(262, 42),
(263, 30),
(264, 3),
(265, 3),
(266, 7),
(267, 42),
(268, 10),
(269, 42),
(270, 25),
(271, 7),
(272, 6),
(273, 44),
(274, 11),
(275, 39),
(276, 22),
(277, 40),
(278, 25),
(279, 19),
(280, 42),
(281, 50),
(282, 36),
(283, 16),
(284, 47),
(285, 15),
(286, 31),
(287, 23),
(288, 50),
(289, 7),
(290, 30),
(291, 2),
(292, 14),
(293, 32),
(294, 40),
(295, 37),
(296, 50),
(297, 19),
(298, 32),
(299, 9),
(300, 49),
(301, 43),
(302, 13),
(303, 50),
(304, 38),
(305, 21),
(306, 2),
(307, 32),
(308, 26),
(309, 48),
(310, 46),
(311, 32),
(312, 15),
(313, 21),
(314, 12),
(315, 46),
(316, 48),
(317, 18),
(318, 46),
(319, 30),
(320, 18),
(321, 21),
(322, 39),
(323, 10),
(324, 46),
(325, 5),
(326, 12),
(327, 16),
(328, 38),
(329, 20),
(330, 39),
(331, 17),
(332, 28),
(333, 38),
(334, 47),
(335, 9),
(336, 34),
(337, 1),
(338, 43),
(339, 38),
(340, 49),
(341, 29),
(342, 29),
(343, 35),
(344, 15),
(345, 48),
(346, 45),
(347, 41),
(348, 9),
(349, 14),
(350, 17),
(351, 12),
(352, 31),
(353, 39),
(354, 29),
(355, 10),
(356, 21),
(357, 38),
(358, 26),
(359, 20),
(360, 34),
(361, 6),
(362, 16),
(363, 25),
(364, 46),
(365, 22),
(366, 18),
(367, 34),
(368, 42),
(369, 35),
(369, 10),
(370, 40),
(370, 35),
(2, 14),
(209, 2),
(209, 7),
(209, 36),
(209, 38),
(283, 38),
(283, 51),
(371, 10),
(371, 35),
(371, 40),
(371, 1),
(377, 10),
(377, 35),
(379, 36),
(379, 37),
(380, 2),
(380, 4),
(381, 4),
(381, 7),
(382, 2),
(382, 7);

--
-- Indexes for dumped tables
--

--
-- Indexes for table `barber_schedule`
--
ALTER TABLE `barber_schedule`
  ADD PRIMARY KEY (`schedule_id`),
  ADD KEY `shop_id` (`shop_id`);

--
-- Indexes for table `barber_shop`
--
ALTER TABLE `barber_shop`
  ADD PRIMARY KEY (`shop_id`),
  ADD UNIQUE KEY `shop_email` (`shop_email`);

--
-- Indexes for table `bookings`
--
ALTER TABLE `bookings`
  ADD PRIMARY KEY (`id`),
  ADD KEY `foreign_key_6` (`customer_id`),
  ADD KEY `foreign_key_7` (`shop_id`),
  ADD KEY `foreign_key_100` (`item_id`),
  ADD KEY `foreign_key_101` (`worker_id`);

--
-- Indexes for table `customer`
--
ALTER TABLE `customer`
  ADD PRIMARY KEY (`customer_id`);

--
-- Indexes for table `customer_notifications`
--
ALTER TABLE `customer_notifications`
  ADD PRIMARY KEY (`id`),
  ADD KEY `foreign_key_153` (`customer_id`);

--
-- Indexes for table `item_table`
--
ALTER TABLE `item_table`
  ADD PRIMARY KEY (`item_id`),
  ADD KEY `fk_service_id` (`service_id`);

--
-- Indexes for table `message_table`
--
ALTER TABLE `message_table`
  ADD PRIMARY KEY (`message_id`),
  ADD KEY `foreign_key_151` (`customer_id`),
  ADD KEY `foreign_key_152` (`shop_id`);

--
-- Indexes for table `notifications_by_admin`
--
ALTER TABLE `notifications_by_admin`
  ADD PRIMARY KEY (`notification_id`),
  ADD KEY `shop_id` (`shop_id`);

--
-- Indexes for table `recent_log`
--
ALTER TABLE `recent_log`
  ADD PRIMARY KEY (`log_id`),
  ADD KEY `foreign_key_102` (`customer_id`),
  ADD KEY `shop_id` (`shop_id`);

--
-- Indexes for table `report_bookings`
--
ALTER TABLE `report_bookings`
  ADD PRIMARY KEY (`report_id`),
  ADD KEY `foreign_key_121` (`booking_id`);

--
-- Indexes for table `report_shop`
--
ALTER TABLE `report_shop`
  ADD PRIMARY KEY (`report_id`),
  ADD KEY `foreign_key_3` (`customer_id`),
  ADD KEY `foreign_key_4` (`shop_id`),
  ADD KEY `foreign_key_5` (`worker_id`);

--
-- Indexes for table `review_platform`
--
ALTER TABLE `review_platform`
  ADD PRIMARY KEY (`review_id`),
  ADD KEY `foreign_key_11` (`customer_id`);

--
-- Indexes for table `review_shop`
--
ALTER TABLE `review_shop`
  ADD PRIMARY KEY (`review_id`),
  ADD KEY `foreign_key_1` (`shop_id`),
  ADD KEY `foreign_key_2` (`customer_id`);

--
-- Indexes for table `service_table`
--
ALTER TABLE `service_table`
  ADD PRIMARY KEY (`service_id`),
  ADD UNIQUE KEY `service_name` (`service_name`);

--
-- Indexes for table `shop_gallery`
--
ALTER TABLE `shop_gallery`
  ADD PRIMARY KEY (`img_id`),
  ADD KEY `foreign_key_110` (`shop_id`);

--
-- Indexes for table `shop_service_table`
--
ALTER TABLE `shop_service_table`
  ADD PRIMARY KEY (`shop_id`,`service_id`,`item_id`),
  ADD KEY `foreign_key 1` (`service_id`),
  ADD KEY `foreign_key 2` (`item_id`);

--
-- Indexes for table `shop_worker`
--
ALTER TABLE `shop_worker`
  ADD PRIMARY KEY (`worker_id`),
  ADD KEY `shop_id` (`shop_id`);

--
-- Indexes for table `worker_expertise`
--
ALTER TABLE `worker_expertise`
  ADD KEY `foreign_key_12` (`item_id`),
  ADD KEY `foreign_key_13` (`worker_id`);

--
-- AUTO_INCREMENT for dumped tables
--

--
-- AUTO_INCREMENT for table `barber_schedule`
--
ALTER TABLE `barber_schedule`
  MODIFY `schedule_id` int(11) NOT NULL AUTO_INCREMENT, AUTO_INCREMENT=889;

--
-- AUTO_INCREMENT for table `bookings`
--
ALTER TABLE `bookings`
  MODIFY `id` int(11) NOT NULL AUTO_INCREMENT, AUTO_INCREMENT=91;

--
-- AUTO_INCREMENT for table `customer`
--
ALTER TABLE `customer`
  MODIFY `customer_id` int(11) NOT NULL AUTO_INCREMENT, AUTO_INCREMENT=8;

--
-- AUTO_INCREMENT for table `customer_notifications`
--
ALTER TABLE `customer_notifications`
  MODIFY `id` int(11) NOT NULL AUTO_INCREMENT, AUTO_INCREMENT=4;

--
-- AUTO_INCREMENT for table `item_table`
--
ALTER TABLE `item_table`
  MODIFY `item_id` int(11) NOT NULL AUTO_INCREMENT, AUTO_INCREMENT=68;

--
-- AUTO_INCREMENT for table `message_table`
--
ALTER TABLE `message_table`
  MODIFY `message_id` int(11) NOT NULL AUTO_INCREMENT, AUTO_INCREMENT=76;

--
-- AUTO_INCREMENT for table `notifications_by_admin`
--
ALTER TABLE `notifications_by_admin`
  MODIFY `notification_id` int(11) NOT NULL AUTO_INCREMENT, AUTO_INCREMENT=61;

--
-- AUTO_INCREMENT for table `recent_log`
--
ALTER TABLE `recent_log`
  MODIFY `log_id` int(11) NOT NULL AUTO_INCREMENT, AUTO_INCREMENT=363;

--
-- AUTO_INCREMENT for table `report_bookings`
--
ALTER TABLE `report_bookings`
  MODIFY `report_id` int(11) NOT NULL AUTO_INCREMENT, AUTO_INCREMENT=4;

--
-- AUTO_INCREMENT for table `report_shop`
--
ALTER TABLE `report_shop`
  MODIFY `report_id` int(11) NOT NULL AUTO_INCREMENT;

--
-- AUTO_INCREMENT for table `review_platform`
--
ALTER TABLE `review_platform`
  MODIFY `review_id` int(11) NOT NULL AUTO_INCREMENT, AUTO_INCREMENT=10;

--
-- AUTO_INCREMENT for table `review_shop`
--
ALTER TABLE `review_shop`
  MODIFY `review_id` int(11) NOT NULL AUTO_INCREMENT, AUTO_INCREMENT=38;

--
-- AUTO_INCREMENT for table `service_table`
--
ALTER TABLE `service_table`
  MODIFY `service_id` int(11) NOT NULL AUTO_INCREMENT, AUTO_INCREMENT=12;

--
-- AUTO_INCREMENT for table `shop_gallery`
--
ALTER TABLE `shop_gallery`
  MODIFY `img_id` int(11) NOT NULL AUTO_INCREMENT, AUTO_INCREMENT=37;

--
-- Constraints for dumped tables
--

--
-- Constraints for table `barber_schedule`
--
ALTER TABLE `barber_schedule`
  ADD CONSTRAINT `barber_schedule_ibfk_1` FOREIGN KEY (`shop_id`) REFERENCES `barber_shop` (`shop_id`);

--
-- Constraints for table `bookings`
--
ALTER TABLE `bookings`
  ADD CONSTRAINT `foreign_key_100` FOREIGN KEY (`item_id`) REFERENCES `item_table` (`item_id`),
  ADD CONSTRAINT `foreign_key_101` FOREIGN KEY (`worker_id`) REFERENCES `shop_worker` (`worker_id`),
  ADD CONSTRAINT `foreign_key_6` FOREIGN KEY (`customer_id`) REFERENCES `customer` (`customer_id`),
  ADD CONSTRAINT `foreign_key_7` FOREIGN KEY (`shop_id`) REFERENCES `barber_shop` (`shop_id`);

--
-- Constraints for table `customer_notifications`
--
ALTER TABLE `customer_notifications`
  ADD CONSTRAINT `foreign_key_153` FOREIGN KEY (`customer_id`) REFERENCES `customer` (`customer_id`);

--
-- Constraints for table `item_table`
--
ALTER TABLE `item_table`
  ADD CONSTRAINT `fk_service_id` FOREIGN KEY (`service_id`) REFERENCES `service_table` (`service_id`);

--
-- Constraints for table `message_table`
--
ALTER TABLE `message_table`
  ADD CONSTRAINT `foreign_key_151` FOREIGN KEY (`customer_id`) REFERENCES `customer` (`customer_id`),
  ADD CONSTRAINT `foreign_key_152` FOREIGN KEY (`shop_id`) REFERENCES `barber_shop` (`shop_id`);

--
-- Constraints for table `notifications_by_admin`
--
ALTER TABLE `notifications_by_admin`
  ADD CONSTRAINT `notifications_by_admin_ibfk_1` FOREIGN KEY (`shop_id`) REFERENCES `barber_shop` (`shop_id`);

--
-- Constraints for table `recent_log`
--
ALTER TABLE `recent_log`
  ADD CONSTRAINT `foreign_key_102` FOREIGN KEY (`customer_id`) REFERENCES `customer` (`customer_id`),
  ADD CONSTRAINT `recent_log_ibfk_1` FOREIGN KEY (`shop_id`) REFERENCES `barber_shop` (`shop_id`);

--
-- Constraints for table `report_bookings`
--
ALTER TABLE `report_bookings`
  ADD CONSTRAINT `foreign_key_121` FOREIGN KEY (`booking_id`) REFERENCES `bookings` (`id`);

--
-- Constraints for table `report_shop`
--
ALTER TABLE `report_shop`
  ADD CONSTRAINT `foreign_key_3` FOREIGN KEY (`customer_id`) REFERENCES `customer` (`customer_id`),
  ADD CONSTRAINT `foreign_key_4` FOREIGN KEY (`shop_id`) REFERENCES `barber_shop` (`shop_id`),
  ADD CONSTRAINT `foreign_key_5` FOREIGN KEY (`worker_id`) REFERENCES `shop_worker` (`worker_id`);

--
-- Constraints for table `review_platform`
--
ALTER TABLE `review_platform`
  ADD CONSTRAINT `foreign_key_11` FOREIGN KEY (`customer_id`) REFERENCES `customer` (`customer_id`);

--
-- Constraints for table `review_shop`
--
ALTER TABLE `review_shop`
  ADD CONSTRAINT `foreign_key_1` FOREIGN KEY (`shop_id`) REFERENCES `barber_shop` (`shop_id`),
  ADD CONSTRAINT `foreign_key_2` FOREIGN KEY (`customer_id`) REFERENCES `customer` (`customer_id`);

--
-- Constraints for table `shop_gallery`
--
ALTER TABLE `shop_gallery`
  ADD CONSTRAINT `foreign_key_110` FOREIGN KEY (`shop_id`) REFERENCES `barber_shop` (`shop_id`);

--
-- Constraints for table `shop_service_table`
--
ALTER TABLE `shop_service_table`
  ADD CONSTRAINT `foreign_key 1` FOREIGN KEY (`service_id`) REFERENCES `service_table` (`service_id`),
  ADD CONSTRAINT `foreign_key 2` FOREIGN KEY (`item_id`) REFERENCES `item_table` (`item_id`),
  ADD CONSTRAINT `foreign_key 3` FOREIGN KEY (`shop_id`) REFERENCES `barber_shop` (`shop_id`);

--
-- Constraints for table `shop_worker`
--
ALTER TABLE `shop_worker`
  ADD CONSTRAINT `shop_worker_ibfk_1` FOREIGN KEY (`shop_id`) REFERENCES `barber_shop` (`shop_id`);

--
-- Constraints for table `worker_expertise`
--
ALTER TABLE `worker_expertise`
  ADD CONSTRAINT `foreign_key_12` FOREIGN KEY (`item_id`) REFERENCES `item_table` (`item_id`),
  ADD CONSTRAINT `foreign_key_13` FOREIGN KEY (`worker_id`) REFERENCES `shop_worker` (`worker_id`);
COMMIT;

/*!40101 SET CHARACTER_SET_CLIENT=@OLD_CHARACTER_SET_CLIENT */;
/*!40101 SET CHARACTER_SET_RESULTS=@OLD_CHARACTER_SET_RESULTS */;
/*!40101 SET COLLATION_CONNECTION=@OLD_COLLATION_CONNECTION */;
